TmEndoV,MNU22716.1,50.472,212,103,2,11,221,10,220,3.92e-67,212,69.34
TmEndoV,MNS39826.1,49.550,222,109,3,1,221,1,220,4.28e-67,212,67.57
TmEndoV,KAF5031478.1,47.534,223,115,2,1,222,1,222,7.05e-65,206,65.92
TmEndoV,GAG74326.1,43.694,222,123,2,1,222,1,220,2.96e-64,204,68.47
TmEndoV,GAF68321.1,42.857,224,126,2,1,224,7,228,3.59e-64,204,68.75
TmEndoV,GAG63035.1,44.196,224,123,2,1,224,1,222,1.43e-63,209,67.86
TmEndoV,MBA7539901.1,43.750,224,124,2,1,224,1,222,7.17e-63,201,67.86
TmEndoV,MBA7587894.1,41.964,224,128,2,1,224,1,222,1.02e-62,201,67.86
TmEndoV,KAF5052059.1,47.085,223,116,2,1,222,1,222,5.34e-62,199,65.47
TmEndoV,SVB17872.1,43.182,220,123,2,5,223,5,223,9.91e-61,196,63.18
TmEndoV,GAH02860.1,43.779,217,118,3,1,215,1,215,1.04e-60,196,65.90
TmEndoV,MBA7581868.1,41.071,224,130,2,1,224,7,228,1.64e-60,195,67.86
TmEndoV,MPL57707.1,44.749,219,117,3,4,220,6,222,1.89e-60,194,64.38
TmEndoV,GAI77145.1,43.128,211,118,2,1,211,7,215,2.18e-60,194,68.72
TmEndoV,SVA97454.1,41.778,225,128,3,1,223,5,228,2.47e-60,194,64.00
TmEndoV,MBA7621669.1,42.593,216,122,2,1,215,1,215,9.28e-60,193,65.28
TmEndoV,MBA7485972.1,44.240,217,117,3,1,215,1,215,2.92e-59,192,65.90
TmEndoV,MBA7471499.1,41.071,224,130,2,1,224,1,222,2.95e-59,192,66.52
TmEndoV,MBA7584147.1,45.370,216,116,2,1,215,1,215,6.31e-59,191,62.50
TmEndoV,MBA7648181.1,44.700,217,116,3,1,215,22,236,6.63e-59,191,64.06
TmEndoV,KAF5082613.1,43.049,223,125,2,1,222,1,222,7.11e-59,191,64.13
TmEndoV,MBA7669295.1,44.545,220,118,3,1,218,1,218,1.34e-58,190,63.18
TmEndoV,MBA7671621.1,43.779,217,118,3,1,215,1,215,2.36e-58,189,65.44
TmEndoV,MBA7482049.1,42.672,232,118,3,4,221,15,245,2.95e-58,190,63.36
TmEndoV,MBA7486217.1,43.318,217,119,3,1,215,44,258,3.09e-58,191,65.90
TmEndoV,MBA7589897.1,43.304,224,125,2,1,224,7,228,4.14e-58,189,68.30
TmEndoV,EBO89981.1,47.826,207,104,3,8,211,10,215,4.32e-58,188,65.22
TmEndoV,MBA7504563.1,44.240,217,117,3,1,215,1,215,6.57e-58,189,66.36
TmEndoV,GAI99231.1,40.991,222,129,2,1,221,1,221,6.83e-58,188,64.86
TmEndoV,MBA7502676.1,46.330,218,111,5,1,215,9,223,7.71e-58,188,65.60
TmEndoV,MBA7565699.1,44.240,217,117,3,1,215,1,215,1.65e-57,187,65.90
TmEndoV,MBA7611760.1,43.750,224,124,2,1,224,1,222,8.20e-57,191,67.41
TmEndoV,MBA7681772.1,43.779,217,118,3,1,215,1,215,1.21e-56,185,63.59
TmEndoV,MBA7481308.1,42.857,217,120,3,1,215,1,215,1.65e-56,185,64.52
TmEndoV,MBA7622797.1,40.323,248,117,4,4,221,2,248,2.76e-56,185,59.68
TmEndoV,MBA7503633.1,45.161,217,115,4,1,215,1,215,6.26e-56,183,63.59
TmEndoV,VFU19075.1,42.922,219,123,2,7,224,4,221,8.71e-56,183,63.01
TmEndoV,MNS34968.1,41.935,217,124,2,7,222,6,221,1.75e-55,182,63.13
TmEndoV,MNR81376.1,43.721,215,119,2,8,221,5,218,3.07e-55,181,62.33
TmEndoV,MBA7627017.1,42.254,213,119,3,5,215,3,213,3.79e-55,181,64.32
TmEndoV,MMZ57130.1,46.635,208,109,2,7,213,7,213,4.27e-55,181,65.38
TmEndoV,MBA7686425.1,42.396,217,121,3,1,215,1,215,4.63e-55,181,62.67
TmEndoV,MNK82882.1,43.721,215,119,2,8,221,5,218,5.18e-55,181,62.33
TmEndoV,SVA02192.1,40.455,220,129,2,5,223,5,223,6.52e-55,181,64.55
TmEndoV,GAH65281.1,43.541,209,114,3,9,215,1,207,1.10e-54,180,65.07
TmEndoV,MBA7578070.1,41.485,229,126,5,1,223,1,227,1.35e-54,180,62.88
TmEndoV,MBA7639026.1,40.741,216,126,2,1,215,1,215,3.20e-54,179,62.04
TmEndoV,MMZ46426.1,42.466,219,121,3,7,224,7,221,1.52e-53,177,63.93
TmEndoV,GAI15505.1,47.727,176,91,1,7,182,7,181,2.14e-53,175,67.61
TmEndoV,SVA55711.1,42.056,214,122,2,1,214,1,212,2.64e-53,176,65.89
TmEndoV,MBA7662515.1,41.667,216,124,2,1,215,4,218,3.33e-53,176,62.04
TmEndoV,MBA7688061.1,41.475,217,123,3,1,215,1,215,3.53e-53,176,64.06
TmEndoV,GAH19190.1,50.000,160,78,1,54,213,37,194,6.03e-53,175,72.50
TmEndoV,GAI39018.1,41.753,194,110,2,1,192,1,193,3.48e-52,173,64.95
TmEndoV,MQM37124.1,43.256,215,119,3,7,219,7,220,4.29e-52,173,62.33
TmEndoV,MBA7465287.1,41.333,225,122,7,1,217,1,223,4.52e-52,173,64.89
TmEndoV,KKO10073.1,42.727,220,119,3,6,219,5,223,4.66e-52,173,62.27
TmEndoV,MBA7510440.1,41.333,225,122,7,1,217,7,229,5.12e-52,173,64.44
TmEndoV,MBA7481351.1,40.741,216,126,2,1,215,4,218,5.72e-52,173,61.57
TmEndoV,VAX16183.1,43.779,217,109,4,1,214,1,207,1.19e-51,172,64.06
TmEndoV,MBA7471593.1,41.048,229,118,4,7,222,4,228,3.18e-51,171,59.83
TmEndoV,MBA7606070.1,41.148,209,118,4,7,212,7,213,3.26e-51,171,66.03
TmEndoV,EBG66296.1,40.991,222,129,2,1,221,1,221,3.60e-51,171,60.36
TmEndoV,GAH25283.1,42.553,188,106,2,37,224,4,189,4.02e-51,170,69.68
TmEndoV,MNI26057.1,41.096,219,127,2,7,224,7,224,4.13e-51,171,61.64
TmEndoV,MBA7665957.1,36.400,250,129,4,1,221,1,249,7.70e-51,171,59.20
TmEndoV,GAF92221.1,45.545,202,99,4,19,214,1,197,8.00e-51,171,62.87
TmEndoV,MBA7680802.1,49.080,163,77,2,64,222,1,161,1.20e-50,167,71.78
TmEndoV,MBA7610290.1,50.000,160,79,1,56,215,1,159,2.13e-50,167,70.00
TmEndoV,MBA7714958.1,40.724,221,126,4,1,218,1,219,2.23e-50,169,61.99
TmEndoV,MBA7597851.1,42.056,214,116,5,6,215,1,210,3.10e-50,169,63.08
TmEndoV,GAI44946.1,41.489,188,108,2,37,224,1,186,9.24e-50,166,69.15
TmEndoV,MNW27244.1,39.726,219,126,3,7,220,10,227,1.33e-49,167,60.73
TmEndoV,GAI97610.1,41.063,207,117,4,9,212,1,205,1.41e-49,167,65.70
TmEndoV,VAX33958.1,40.826,218,125,3,8,224,2,216,1.66e-49,167,61.93
TmEndoV,MCY1491902.1,39.535,215,128,2,10,223,6,219,1.85e-49,167,57.67
TmEndoV,VAX30640.1,39.450,218,128,3,8,224,2,216,2.11e-49,166,62.84
TmEndoV,MBA7509134.1,39.013,223,131,4,1,220,1,221,3.88e-49,166,61.88
TmEndoV,MMZ56831.1,40.455,220,126,3,6,224,6,221,5.03e-49,166,60.91
TmEndoV,GAI58467.1,43.548,186,102,2,9,192,2,186,5.27e-49,165,65.59
TmEndoV,GAF92994.1,41.204,216,119,5,1,213,1,211,1.98e-48,163,61.11
TmEndoV,GAG91624.1,54.348,138,61,1,76,213,9,144,2.55e-48,162,74.64
TmEndoV,MBA7623485.1,46.774,186,93,4,39,222,12,193,5.84e-48,162,67.20
TmEndoV,VAW59629.1,37.900,219,131,3,7,224,7,221,8.00e-48,162,59.36
TmEndoV,MNJ95060.1,43.284,201,112,2,15,214,11,210,1.29e-47,162,60.70
TmEndoV,GAJ13751.1,48.148,162,83,1,54,215,4,164,2.35e-47,160,69.75
TmEndoV,VAX22466.1,41.791,201,113,3,15,214,14,211,3.84e-47,160,63.18
TmEndoV,EBZ31011.1,35.909,220,139,2,5,223,10,228,7.45e-47,160,58.64
TmEndoV,MNS27259.1,40.191,209,123,2,7,214,9,216,1.42e-46,159,60.77
TmEndoV,ECD70217.1,36.818,220,137,2,5,223,12,230,1.76e-46,159,58.64
TmEndoV,ECE64605.1,36.607,224,140,2,1,223,8,230,3.01e-46,159,58.04
TmEndoV,GAI70943.1,46.980,149,78,1,76,224,1,148,1.02e-45,155,72.48
TmEndoV,ECU89507.1,35.909,220,139,2,5,223,17,235,1.32e-45,157,59.09
TmEndoV,KKN23490.1,38.991,218,127,3,7,221,7,221,1.43e-45,157,58.26
TmEndoV,KKL72149.1,38.174,241,123,5,1,223,1,233,2.31e-45,156,56.02
TmEndoV,MPM64933.1,38.356,219,129,3,9,222,3,220,3.00e-45,156,63.01
TmEndoV,EBR94274.1,35.909,220,139,2,5,223,17,235,3.24e-45,156,58.64
TmEndoV,SVA17729.1,36.364,220,138,2,5,223,5,223,3.81e-45,156,57.27
TmEndoV,MND95080.1,40.191,209,120,4,15,219,5,212,4.37e-45,155,59.81
TmEndoV,GAH43112.1,40.887,203,115,4,14,214,4,203,6.51e-45,154,64.04
TmEndoV,MNK23057.1,38.991,218,131,2,7,223,9,225,7.30e-45,155,57.34
TmEndoV,GAF71137.1,42.079,202,114,2,14,214,6,205,7.35e-45,154,62.38
TmEndoV,PJE80395.1,38.009,221,131,3,7,224,6,223,7.42e-45,155,58.37
TmEndoV,GAI60889.1,45.333,150,81,1,75,224,4,152,7.47e-45,152,71.33
TmEndoV,MNG97412.1,42.246,187,102,3,36,219,29,212,1.49e-44,154,61.50
TmEndoV,MMZ48742.1,41.538,195,111,3,27,219,19,212,1.53e-44,154,60.51
TmEndoV,SVA97036.1,36.364,220,138,2,5,223,5,223,1.64e-44,154,57.27
TmEndoV,VAX21635.1,37.561,205,125,3,11,214,2,204,2.54e-44,153,63.41
TmEndoV,GAH20720.1,45.775,142,76,1,1,142,7,147,6.89e-44,150,73.24
TmEndoV,MNY21964.1,43.678,174,97,1,48,221,8,180,1.38e-43,150,63.22
TmEndoV,MND31917.1,41.899,179,102,2,36,213,28,205,7.57e-43,149,62.57
TmEndoV,GAI51065.1,49.664,149,70,4,1,146,1,147,8.83e-43,147,69.13
TmEndoV,MNM36296.1,41.711,187,103,3,36,219,29,212,9.81e-43,149,60.96
TmEndoV,MNS82444.1,42.458,179,101,2,36,213,28,205,1.27e-42,149,62.57
TmEndoV,EBG53809.1,40.437,183,107,2,4,186,18,198,8.27e-42,147,62.30
TmEndoV,MNC16838.1,39.801,201,117,3,14,213,8,205,8.97e-42,147,60.70
TmEndoV,GAI45941.1,40.449,178,101,2,1,175,1,176,2.35e-41,144,58.99
TmEndoV,GAG79068.1,40.571,175,90,2,1,161,1,175,3.93e-41,144,62.86
TmEndoV,MNB87194.1,41.899,179,102,2,36,213,28,205,4.58e-41,145,62.01
TmEndoV,MNB87223.1,41.341,179,103,2,36,213,28,205,1.28e-40,144,63.13
TmEndoV,GAF76138.1,49.265,136,67,2,39,173,2,136,2.03e-40,140,72.79
TmEndoV,MCY1240527.1,43.333,150,84,1,74,223,11,159,2.35e-40,142,64.67
TmEndoV,ECV17376.1,40.782,179,104,2,36,213,29,206,4.33e-40,142,62.01
TmEndoV,MBA7602394.1,38.571,210,126,2,14,223,30,236,1.52e-39,141,58.10
TmEndoV,GAG44408.1,44.767,172,75,3,62,214,14,184,1.73e-39,140,62.21
TmEndoV,GAI49090.1,43.023,172,95,2,1,170,7,177,2.39e-39,139,60.47
TmEndoV,GFO96451.1,35.349,215,136,3,10,224,10,221,2.77e-39,141,60.47
TmEndoV,MNX97927.1,47.945,146,75,1,76,221,3,147,4.71e-39,137,66.44
TmEndoV,MBA7617930.1,36.866,217,131,4,8,223,9,220,7.16e-39,139,57.60
TmEndoV,ECT47978.1,35.961,203,128,2,22,223,5,206,7.51e-39,139,58.13
TmEndoV,MNX98642.1,38.318,214,130,2,1,213,3,215,1.02e-38,139,58.88
TmEndoV,MBA7501844.1,36.866,217,131,4,8,223,9,220,1.57e-38,138,57.14
TmEndoV,GAH62312.1,48.507,134,68,1,88,221,1,133,1.81e-37,133,67.91
TmEndoV,EBS28501.1,36.082,194,122,2,31,223,2,194,1.97e-37,135,57.73
TmEndoV,KKL50305.1,39.362,188,106,3,39,222,8,191,4.73e-37,134,60.64
TmEndoV,MNS83019.1,44.898,147,80,1,73,219,3,148,9.05e-37,132,62.59
TmEndoV,MNM65599.1,39.352,216,122,5,10,219,3,215,9.90e-37,134,55.56
TmEndoV,ECK09609.1,38.509,161,97,2,5,163,10,170,6.74e-35,127,59.01
TmEndoV,GAG11384.1,37.981,208,116,6,10,209,40,242,1.69e-34,129,57.69
TmEndoV,GAH63210.1,51.852,108,50,1,106,213,1,106,2.36e-34,125,76.85
TmEndoV,EBG18320.1,35.407,209,126,4,14,222,55,254,2.47e-34,129,57.42
TmEndoV,EDF36274.1,38.158,152,93,1,5,155,10,161,3.49e-34,125,59.21
TmEndoV,ECU02471.1,39.437,142,85,1,5,145,10,151,9.12e-34,124,61.97
TmEndoV,EBT96658.1,40.000,160,92,2,67,223,3,161,3.26e-33,123,58.75
TmEndoV,MNM11020.1,36.574,216,130,4,8,219,9,221,7.65e-33,124,57.41
TmEndoV,MNB76126.1,36.111,216,131,4,8,219,9,221,3.86e-32,122,56.94
TmEndoV,EBT32089.1,36.364,209,124,4,16,219,1,205,5.43e-32,121,57.42
TmEndoV,GAI42530.1,44.898,147,78,2,76,222,11,154,6.42e-32,119,62.59
TmEndoV,MNL45269.1,50.000,116,57,1,106,221,1,115,1.12e-31,118,69.83
TmEndoV,GAI23745.1,52.041,98,47,0,49,146,2,99,4.29e-31,116,77.55
TmEndoV,KUG15750.1,37.791,172,104,2,55,225,1,170,8.58e-31,117,56.98
TmEndoV,EDA48024.1,36.410,195,116,3,9,198,19,210,1.14e-30,118,56.92
TmEndoV,ECO83883.1,39.726,146,87,1,76,221,1,145,1.62e-30,116,58.22
TmEndoV,MNT03616.1,44.366,142,78,1,78,219,12,152,1.47e-29,113,64.08
TmEndoV,GAH07078.1,41.860,129,71,3,90,216,1,127,1.61e-28,110,65.89
TmEndoV,ETJ37145.1,47.321,112,59,0,73,184,2,113,2.47e-28,108,64.29
TmEndoV,GAG35390.1,40.909,132,77,1,88,219,1,131,2.69e-28,109,65.15
TmEndoV,MBA7608824.1,33.690,187,117,3,35,219,40,221,5.85e-27,108,55.61
TmEndoV,EBL17995.1,33.171,205,108,5,37,220,95,291,1.07e-25,107,51.71
TmEndoV,EBO93293.1,34.225,187,110,5,40,225,74,248,1.62e-25,105,55.08
TmEndoV,MBA7573906.1,31.301,246,146,9,1,225,1,244,2.96e-24,102,50.41
TmEndoV,MBA7513179.1,33.005,203,121,6,37,225,43,244,5.69e-24,101,52.22
TmEndoV,KKK59051.1,32.609,184,114,3,39,222,11,184,4.08e-23,97.8,51.09
TmEndoV,KAF5068794.1,29.630,216,139,3,14,224,8,215,4.23e-22,95.9,46.76
TmEndoV,KKN67243.1,33.158,190,111,4,39,213,44,232,1.00e-20,92.8,51.05
TmEndoV,EBG29958.1,36.486,148,85,3,75,222,31,169,2.71e-20,90.1,59.46
TmEndoV,MBA7658697.1,47.423,97,48,2,120,215,1,95,6.98e-20,87.4,69.07
TmEndoV,KKN40207.1,30.736,231,138,6,4,213,3,232,1.18e-19,90.1,47.19
TmEndoV,QHT24425.1,35.669,157,89,4,77,223,117,271,2.39e-19,89.7,54.78
TmEndoV,CEG12701.1,34.211,152,79,4,76,222,3,138,4.23e-19,86.3,52.63
TmEndoV,GAI95248.1,43.000,100,52,3,1,96,1,99,1.57e-17,80.9,60.00
TmEndoV,ECT08028.1,43.478,92,50,2,49,140,61,150,7.96e-17,80.9,64.13
TmEndoV,ECY96763.1,40.625,96,56,1,5,99,10,105,2.27e-16,77.8,58.33
TmEndoV,GAI11649.1,42.857,84,45,2,1,82,1,83,2.51e-13,69.3,59.52
TmEndoV,GAH19557.1,50.725,69,31,2,34,100,14,81,4.65e-13,68.6,66.67
TmEndoV,VAW93767.1,49.091,55,28,0,101,155,7,61,4.56e-12,65.5,72.73
TmEndoV,GAI15708.1,61.905,42,16,0,100,141,7,48,2.53e-11,62.8,83.33
TmEndoV,CEG11079.1,39.024,82,43,2,76,152,3,82,3.17e-09,58.9,58.54
TmEndoV,EBY02965.1,38.028,71,40,2,5,74,10,77,1.21e-08,56.6,59.15
TmEndoV,EBZ53936.1,42.697,89,49,2,135,222,1,88,1.31e-08,56.6,57.30
TmEndoV,ECO86200.1,35.385,65,41,1,5,68,5,69,1.27e-07,53.5,63.08
TmEndoV,MBA7543858.1,36.364,66,41,1,159,224,1,65,1.83e-07,53.1,63.64
TmEndoV,GAH45989.1,51.064,47,22,1,166,212,13,58,1.08e-06,51.6,72.34
TmEndoV,GAH38031.1,35.802,81,51,1,135,215,1,80,1.72e-06,51.6,59.26
TmEndoV,GAG76822.1,38.333,60,36,1,155,214,2,60,2.35e-06,50.1,63.33
TmEndoV,GAG28928.1,36.620,71,44,1,145,215,7,76,2.55e-06,50.8,59.15
TmEndoV,EBS00551.1,30.769,65,44,1,5,68,12,76,7.39e-06,48.9,58.46
TmEndoV,GAJ05085.1,40.625,64,33,2,7,68,8,68,1.42e-05,48.1,59.38
TmEndoV,ECO34457.1,39.344,61,36,1,163,223,58,117,4.20e-05,48.1,60.66
TmEndoV,GAI80805.1,36.667,90,56,1,14,103,4,92,2.17e-04,45.4,48.89
TmEndoV,GAI31744.1,43.478,46,26,0,1,46,7,52,0.001,42.4,63.04
TmEndoV,GAI75900.1,37.931,58,35,1,164,221,11,67,0.002,42.4,58.62
TmEndoV,ECZ10162.1,29.825,57,40,0,1,57,8,64,0.003,41.2,54.39
TmEndoV,GAJ19558.1,39.744,78,46,1,14,91,4,80,0.004,41.6,51.28
TmEndoV,GAH76069.1,38.889,54,32,1,1,54,1,53,0.004,40.8,64.81
TmEndoV,GAH76208.1,39.535,43,26,0,55,97,1,43,0.019,38.5,67.44
TnEndoV,MNU22716.1,50.472,212,103,2,13,223,10,220,6.91e-69,216,68.40
TnEndoV,MNS39826.1,50.472,212,103,2,13,223,10,220,8.50e-69,216,68.40
TnEndoV,GAF68321.1,46.875,224,117,2,3,226,7,228,1.62e-68,215,68.30
TnEndoV,GAG74326.1,45.946,222,118,2,3,224,1,220,1.29e-66,210,67.12
TnEndoV,GAG63035.1,46.875,224,117,2,3,226,1,222,2.63e-66,216,66.96
TnEndoV,MBA7587894.1,45.536,224,120,2,3,226,1,222,4.78e-66,209,66.52
TnEndoV,MBA7581868.1,45.982,224,119,2,3,226,7,228,1.25e-65,208,67.41
TnEndoV,MBA7539901.1,46.429,224,118,2,3,226,1,222,1.34e-65,208,67.41
TnEndoV,KAF5031478.1,47.982,223,114,2,3,224,1,222,1.48e-65,208,65.92
TnEndoV,GAI99231.1,46.396,222,117,2,3,223,1,221,3.51e-65,206,65.32
TnEndoV,MBA7621669.1,46.296,216,114,2,3,217,1,215,4.54e-65,207,67.13
TnEndoV,MPL57707.1,46.875,224,115,3,1,222,1,222,8.28e-65,206,64.29
TnEndoV,GAH02860.1,46.544,217,112,3,3,217,1,215,9.86e-65,206,66.36
TnEndoV,MBA7482049.1,46.121,232,110,3,6,223,15,245,1.06e-64,206,62.93
TnEndoV,MBA7648181.1,48.387,217,108,3,3,217,22,236,1.24e-64,206,65.44
TnEndoV,MBA7471499.1,45.982,224,119,2,3,226,1,222,2.36e-64,205,66.07
TnEndoV,MBA7589897.1,46.875,224,117,2,3,226,7,228,2.66e-64,205,68.75
TnEndoV,MBA7578070.1,45.852,229,116,5,3,225,1,227,2.70e-64,204,65.07
TnEndoV,MBA7504563.1,47.926,217,109,3,3,217,1,215,5.69e-64,204,67.74
TnEndoV,GAI77145.1,46.919,211,110,2,3,213,7,215,1.45e-63,202,67.30
TnEndoV,MBA7565699.1,47.465,217,110,3,3,217,1,215,2.58e-63,202,67.74
TnEndoV,MBA7622797.1,43.952,248,108,4,6,223,2,248,7.93e-63,201,60.08
TnEndoV,MBA7669295.1,46.575,219,115,2,3,220,1,218,1.37e-62,200,63.01
TnEndoV,MBA7502676.1,48.387,217,108,3,3,217,9,223,1.81e-62,200,64.52
TnEndoV,KAF5052059.1,46.637,223,117,2,3,224,1,222,1.90e-62,200,65.02
TnEndoV,SVA97454.1,41.850,227,129,3,1,225,3,228,2.48e-62,199,64.76
TnEndoV,KAF5082613.1,44.843,223,121,2,3,224,1,222,3.00e-62,199,64.13
TnEndoV,MBA7486217.1,46.083,217,113,3,3,217,44,258,5.68e-62,201,65.90
TnEndoV,MBA7681772.1,46.544,217,112,3,3,217,1,215,7.13e-62,199,65.90
TnEndoV,MBA7481308.1,45.622,217,114,3,3,217,1,215,1.20e-61,198,66.36
TnEndoV,MBA7611760.1,46.875,224,117,2,3,226,1,222,1.21e-61,204,66.96
TnEndoV,MBA7671621.1,45.622,217,114,3,3,217,1,215,1.23e-61,198,66.82
TnEndoV,MBA7584147.1,45.370,216,116,2,3,217,1,215,1.67e-61,197,64.35
TnEndoV,MBA7485972.1,45.161,217,115,3,3,217,1,215,2.98e-61,197,66.36
TnEndoV,SVB17872.1,42.857,224,126,2,3,225,1,223,5.01e-61,196,62.50
TnEndoV,MBA7503633.1,46.296,216,114,2,3,217,1,215,8.07e-61,196,65.74
TnEndoV,EBO89981.1,47.826,207,104,3,10,213,10,215,6.22e-60,193,64.73
TnEndoV,MBA7686425.1,45.622,217,114,3,3,217,1,215,5.38e-59,191,63.13
TnEndoV,GAH65281.1,45.933,209,109,3,11,217,1,207,8.68e-59,191,66.99
TnEndoV,MBA7688061.1,45.161,217,115,3,3,217,1,215,1.00e-58,191,65.44
TnEndoV,SVA55711.1,45.794,214,114,2,3,216,1,212,1.73e-58,189,66.36
TnEndoV,MBA7639026.1,43.182,220,115,3,3,217,1,215,3.05e-58,189,63.18
TnEndoV,VAX30640.1,47.248,218,111,3,10,226,2,216,5.18e-58,188,63.30
TnEndoV,MBA7465287.1,43.556,225,117,7,3,219,1,223,1.13e-57,187,65.78
TnEndoV,MBA7627017.1,43.925,214,116,3,6,217,2,213,1.43e-57,187,64.49
TnEndoV,MNS34968.1,41.935,217,124,2,9,224,6,221,1.66e-57,187,64.98
TnEndoV,MMZ46426.1,44.749,219,116,3,9,226,7,221,1.89e-57,187,64.84
TnEndoV,MBA7510440.1,43.363,226,118,7,2,219,6,229,2.63e-57,187,65.04
TnEndoV,MBA7606070.1,44.651,215,114,4,3,214,1,213,8.17e-57,186,66.05
TnEndoV,VFU19075.1,40.639,219,128,2,9,226,4,221,1.12e-56,185,63.47
TnEndoV,MBA7471593.1,42.358,229,115,4,9,224,4,228,1.84e-56,184,62.01
TnEndoV,MMZ57130.1,47.115,208,108,2,9,215,7,213,2.16e-56,184,66.35
TnEndoV,MBA7662515.1,42.593,216,122,2,3,217,4,218,2.32e-56,184,62.50
TnEndoV,GAI15505.1,49.432,176,88,1,9,184,7,181,2.99e-56,182,69.89
TnEndoV,GAH25283.1,46.237,186,98,2,41,226,6,189,6.70e-56,182,69.89
TnEndoV,MBA7481351.1,41.667,216,124,2,3,217,4,218,9.11e-56,183,62.50
TnEndoV,VAW59629.1,41.096,219,124,3,9,226,7,221,2.34e-55,181,63.01
TnEndoV,VAX33958.1,45.872,218,114,3,10,226,2,216,2.43e-55,181,62.84
TnEndoV,MNI26057.1,44.292,219,120,2,9,226,7,224,3.58e-55,181,63.47
TnEndoV,GAI97610.1,44.928,207,109,4,11,214,1,205,4.24e-55,181,66.67
TnEndoV,MBA7665957.1,38.800,250,123,4,3,223,1,249,4.49e-55,182,58.80
TnEndoV,MNK82882.1,43.458,214,119,2,11,223,6,218,5.30e-55,181,63.08
TnEndoV,MNR81376.1,43.458,214,119,2,11,223,6,218,5.42e-55,181,63.08
TnEndoV,KKO10073.1,43.946,223,112,4,8,221,5,223,1.39e-54,180,62.33
TnEndoV,MMZ56831.1,43.182,220,120,3,8,226,6,221,1.42e-54,180,62.27
TnEndoV,MBA7597851.1,43.396,212,116,3,8,217,1,210,1.54e-54,180,63.21
TnEndoV,GAI44946.1,46.774,186,97,2,41,226,3,186,2.41e-54,178,68.28
TnEndoV,SVA02192.1,40.179,224,132,2,3,225,1,223,3.22e-54,179,62.95
TnEndoV,MQM37124.1,44.954,218,111,4,9,221,7,220,3.59e-54,179,61.47
TnEndoV,GAI39018.1,43.590,195,107,2,3,195,1,194,3.63e-54,178,64.10
TnEndoV,MBA7623485.1,49.198,187,91,3,39,224,10,193,6.58e-54,177,68.45
TnEndoV,MNW27244.1,40.639,219,124,3,9,222,10,227,1.06e-53,177,62.56
TnEndoV,EBG66296.1,41.892,222,127,2,3,223,1,221,1.33e-53,177,61.26
TnEndoV,VAX22466.1,42.927,205,113,3,13,216,10,211,2.25e-53,176,65.85
TnEndoV,GAI58467.1,45.213,188,100,2,10,195,1,187,5.45e-53,176,66.49
TnEndoV,GAF92221.1,47.525,202,95,4,21,216,1,197,6.08e-53,176,61.88
TnEndoV,GAJ13751.1,51.852,162,77,1,56,217,4,164,7.10e-53,174,70.37
TnEndoV,MBA7610290.1,51.250,160,77,1,58,217,1,159,7.33e-53,174,70.00
TnEndoV,GAH19190.1,47.500,160,82,1,56,215,37,194,2.92e-52,174,73.12
TnEndoV,PJE80395.1,41.096,219,127,2,9,226,6,223,3.44e-52,174,60.27
TnEndoV,VAX16183.1,43.961,207,108,3,13,216,6,207,5.36e-52,172,66.67
TnEndoV,MBA7714958.1,40.909,220,123,5,3,218,1,217,1.74e-51,172,64.55
TnEndoV,MPM64933.1,43.925,214,116,2,14,224,8,220,7.06e-51,170,63.08
TnEndoV,MBA7509134.1,39.286,224,129,5,3,222,1,221,1.24e-50,169,63.84
TnEndoV,GAF92994.1,40.845,213,124,2,3,215,1,211,1.33e-50,169,61.97
TnEndoV,MCY1491902.1,39.535,215,128,2,12,225,6,219,6.27e-50,168,58.60
TnEndoV,VAX21635.1,40.191,209,114,4,13,216,2,204,1.00e-49,167,64.59
TnEndoV,GAI70943.1,51.678,149,71,1,78,226,1,148,1.12e-49,165,71.81
TnEndoV,GAI60889.1,51.678,149,71,1,78,226,5,152,3.43e-49,164,71.14
TnEndoV,KKN23490.1,38.813,219,126,3,9,223,7,221,3.62e-49,166,60.73
TnEndoV,MBA7680802.1,44.785,163,84,2,66,224,1,161,3.91e-49,164,73.01
TnEndoV,KKL72149.1,40.329,243,115,7,3,225,1,233,5.54e-49,166,58.02
TnEndoV,EBZ31011.1,35.455,220,140,2,7,225,10,228,2.01e-48,164,59.55
TnEndoV,MND95080.1,40.670,209,119,4,17,221,5,212,2.12e-48,164,60.77
TnEndoV,MNS27259.1,40.553,217,125,3,1,216,3,216,2.86e-48,164,61.29
TnEndoV,GAG91624.1,52.174,138,64,1,78,215,9,144,4.03e-48,161,76.09
TnEndoV,MMZ48742.1,40.670,209,119,4,17,221,5,212,6.69e-48,162,60.29
TnEndoV,ECU89507.1,36.283,226,142,2,1,225,11,235,8.62e-48,163,58.85
TnEndoV,EBR94274.1,36.283,226,142,2,1,225,11,235,1.84e-47,162,58.41
TnEndoV,MNJ95060.1,41.791,201,115,2,17,216,11,210,3.04e-47,161,60.20
TnEndoV,GAF71137.1,42.574,202,113,2,16,216,6,205,8.76e-47,159,62.38
TnEndoV,MNK23057.1,36.726,226,141,2,1,225,1,225,9.77e-47,160,57.96
TnEndoV,SVA97036.1,37.054,224,139,2,3,225,1,223,1.12e-46,160,56.70
TnEndoV,ECE64605.1,35.398,226,144,2,1,225,6,230,1.74e-46,159,58.41
TnEndoV,ECD70217.1,35.398,226,144,2,1,225,6,230,1.78e-46,159,58.41
TnEndoV,SVA17729.1,35.455,220,140,2,7,225,5,223,1.91e-46,159,59.09
TnEndoV,MNG97412.1,42.246,187,102,3,38,221,29,212,4.88e-46,158,60.96
TnEndoV,GAI51065.1,51.701,147,68,2,3,147,1,146,5.71e-45,152,68.03
TnEndoV,GAH20720.1,49.296,142,71,1,3,144,7,147,9.64e-45,152,72.54
TnEndoV,MNY21964.1,44.767,172,94,1,52,223,10,180,1.04e-44,153,63.95
TnEndoV,GFO96451.1,37.209,215,132,3,12,226,10,221,1.51e-44,154,61.40
TnEndoV,GAH43112.1,40.777,206,117,4,13,216,1,203,1.63e-44,153,64.56
TnEndoV,MND31917.1,40.513,195,111,3,22,215,15,205,2.51e-44,153,61.03
TnEndoV,MNM36296.1,41.711,187,103,3,38,221,29,212,2.96e-44,153,60.43
TnEndoV,GAG79068.1,43.429,175,85,2,3,163,1,175,5.00e-44,151,61.71
TnEndoV,GAI45941.1,42.938,177,98,2,3,177,1,176,6.25e-44,151,59.32
TnEndoV,MBA7602394.1,38.679,212,127,2,13,224,27,235,3.42e-43,151,60.38
TnEndoV,MNS82444.1,40.670,209,114,5,12,215,2,205,4.86e-43,150,58.37
TnEndoV,MNC16838.1,43.407,182,95,3,38,215,28,205,5.07e-43,150,60.44
TnEndoV,MCY1240527.1,44.667,150,82,1,76,225,11,159,6.98e-43,148,66.00
TnEndoV,GAI49090.1,44.767,172,92,2,3,172,7,177,7.65e-43,148,62.79
TnEndoV,MNB87223.1,39.810,211,113,5,12,215,2,205,4.17e-42,147,59.24
TnEndoV,MNB87194.1,39.904,208,117,4,12,215,2,205,4.21e-42,147,57.69
TnEndoV,GAF76138.1,50.735,136,65,2,41,175,2,136,7.24e-42,144,72.06
TnEndoV,GAG44408.1,45.930,172,73,3,64,216,14,184,1.66e-41,145,61.63
TnEndoV,GAH62312.1,52.239,134,63,1,90,223,1,133,1.81e-41,143,68.66
TnEndoV,ECV17376.1,41.341,179,103,2,38,215,29,206,1.96e-41,146,60.34
TnEndoV,KKL50305.1,41.176,187,108,2,39,224,6,191,2.07e-40,142,59.36
TnEndoV,ECT47978.1,36.139,202,127,2,25,225,6,206,3.33e-40,142,58.42
TnEndoV,MNX98642.1,37.500,216,133,2,1,215,1,215,6.15e-40,142,59.72
TnEndoV,EBG53809.1,39.227,181,108,2,9,189,21,199,1.12e-39,141,61.33
TnEndoV,MNX97927.1,47.619,147,76,1,77,223,2,147,6.94e-39,137,65.99
TnEndoV,MBA7617930.1,35.185,216,134,4,10,224,9,219,1.41e-38,139,59.26
TnEndoV,MNS83019.1,45.578,147,79,1,75,221,3,148,1.62e-38,137,62.59
TnEndoV,MNM65599.1,40.838,191,107,3,34,221,28,215,2.89e-38,137,57.59
TnEndoV,MBA7501844.1,38.919,185,109,3,41,224,38,219,3.37e-38,137,61.08
TnEndoV,EBS28501.1,34.536,194,125,2,33,225,2,194,9.47e-38,136,58.76
TnEndoV,GAI42530.1,45.946,148,77,2,77,224,10,154,3.21e-35,128,63.51
TnEndoV,MNL45269.1,51.724,116,55,1,108,223,1,115,6.73e-35,126,69.83
TnEndoV,EDF36274.1,36.184,152,96,1,7,157,10,161,8.75e-35,127,61.18
TnEndoV,MNM11020.1,37.674,215,127,4,11,221,10,221,1.24e-34,129,57.21
TnEndoV,GAG11384.1,40.196,204,109,6,16,211,44,242,1.80e-34,129,57.84
TnEndoV,GAH63210.1,50.000,108,52,1,108,215,1,106,3.71e-34,124,76.85
TnEndoV,GAI23745.1,59.574,94,38,0,55,148,6,99,3.98e-34,124,78.72
TnEndoV,MNB76126.1,37.209,215,128,4,11,221,10,221,7.08e-34,126,56.74
TnEndoV,ECU02471.1,37.063,143,89,1,7,148,10,152,3.21e-33,123,62.24
TnEndoV,EBT96658.1,36.420,162,102,1,64,225,1,161,3.29e-33,123,58.64
TnEndoV,EDA48024.1,38.265,196,113,3,10,200,18,210,4.24e-33,124,55.61
TnEndoV,ECK09609.1,34.868,152,98,1,7,157,10,161,1.57e-32,121,60.53
TnEndoV,EBT32089.1,39.362,188,105,4,39,221,22,205,1.60e-32,123,57.98
TnEndoV,EBG18320.1,34.946,186,112,3,39,224,78,254,1.46e-31,121,58.06
TnEndoV,GAH07078.1,42.636,129,70,2,92,218,1,127,1.83e-31,117,68.22
TnEndoV,ECO83883.1,38.356,146,89,1,78,223,1,145,3.43e-31,118,58.90
TnEndoV,MNT03616.1,45.070,142,77,1,80,221,12,152,3.57e-31,117,64.08
TnEndoV,KUG15750.1,41.379,145,82,2,81,224,25,167,1.79e-30,116,62.07
TnEndoV,MBA7608824.1,30.631,222,146,4,3,221,5,221,2.58e-29,115,54.50
TnEndoV,ETJ37145.1,46.429,112,60,0,75,186,2,113,1.17e-28,110,62.50
TnEndoV,EBO93293.1,37.097,186,104,6,42,226,74,247,2.62e-28,113,57.53
TnEndoV,GAG35390.1,40.152,132,78,1,90,221,1,131,4.30e-28,108,64.39
TnEndoV,EBL17995.1,33.171,205,108,5,39,222,95,291,1.12e-27,112,52.68
TnEndoV,MBA7573906.1,30.833,240,143,8,3,221,1,238,1.84e-25,105,51.25
TnEndoV,MBA7513179.1,30.417,240,144,8,3,221,1,238,1.18e-24,103,50.83
TnEndoV,KKN67243.1,32.000,225,131,7,12,215,9,232,1.10e-23,100,50.67
TnEndoV,KAF5068794.1,29.167,216,140,3,16,226,8,215,6.50e-23,98.2,49.54
TnEndoV,CEG12701.1,36.842,152,75,4,78,224,3,138,1.49e-22,95.5,55.92
TnEndoV,EBG29958.1,38.776,147,81,2,78,224,32,169,9.97e-22,93.6,57.14
TnEndoV,MBA7658697.1,47.917,96,49,1,122,217,1,95,2.77e-21,90.9,67.71
TnEndoV,KKN40207.1,32.812,192,113,6,39,215,42,232,8.70e-21,93.2,52.08
TnEndoV,QHT24425.1,35.256,156,89,4,80,225,118,271,9.45e-21,93.6,57.05
TnEndoV,GAI95248.1,42.424,99,54,2,3,98,1,99,7.40e-20,86.7,62.63
TnEndoV,ECT08028.1,47.727,88,44,2,55,142,65,150,8.33e-18,83.6,64.77
TnEndoV,ECY96763.1,35.417,96,61,1,7,101,10,105,8.84e-15,73.6,60.42
TnEndoV,VAW93767.1,50.909,55,27,0,103,157,7,61,3.37e-14,70.9,76.36
TnEndoV,GAH19557.1,49.275,69,32,2,36,102,14,81,1.06e-12,67.4,66.67
TnEndoV,GAI11649.1,39.286,84,48,3,3,84,1,83,1.40e-12,67.4,63.10
TnEndoV,GAI15708.1,64.286,42,15,0,102,143,7,48,1.80e-12,65.9,83.33
TnEndoV,CEG11079.1,41.026,78,41,1,78,150,3,80,1.70e-10,62.4,61.54
TnEndoV,EBZ53936.1,42.697,89,49,2,137,224,1,88,2.65e-10,61.2,59.55
TnEndoV,EBY02965.1,35.385,65,41,1,7,70,10,74,1.53e-09,58.9,64.62
TnEndoV,MBA7543858.1,42.424,66,37,1,161,226,1,65,3.24e-09,58.2,63.64
TnEndoV,GAG28928.1,42.623,61,34,1,157,217,17,76,9.72e-09,57.4,65.57
TnEndoV,GAH45989.1,57.447,47,19,1,168,214,13,58,1.08e-08,57.0,74.47
TnEndoV,VAW93769.1,50.000,54,26,1,163,216,2,54,7.15e-08,53.9,66.67
TnEndoV,GAH38031.1,39.506,81,48,1,137,217,1,80,8.85e-08,55.1,56.79
TnEndoV,EBX17806.1,36.250,80,50,1,142,221,1,79,1.83e-07,53.5,58.75
TnEndoV,EBW53800.1,40.323,62,36,1,164,225,2,62,2.26e-07,53.1,61.29
TnEndoV,EDF36271.1,40.323,62,36,1,164,225,9,69,2.43e-07,53.1,61.29
TnEndoV,ECO34457.1,32.184,87,58,1,139,225,32,117,3.04e-07,54.3,55.17
TnEndoV,GAG76822.1,38.333,60,36,1,157,216,2,60,1.86e-06,50.4,63.33
TnEndoV,EBS00551.1,30.986,71,48,1,1,70,6,76,4.41e-05,47.0,54.93
TnEndoV,GAI75900.1,39.655,58,34,1,166,223,11,67,1.24e-04,45.4,60.34
TnEndoV,MNI50880.1,37.288,59,36,1,163,221,2,59,5.92e-04,43.5,59.32
TnEndoV,GAH76069.1,42.308,52,26,2,3,52,1,50,0.001,42.4,67.31
TnEndoV,GAH76208.1,39.535,43,26,0,57,99,1,43,0.006,40.0,69.77
TnEndoV,GAI31744.1,38.000,50,31,0,3,52,7,56,0.007,40.0,60.00
TnEndoV,GAJ05085.1,35.938,64,36,2,9,70,8,68,0.012,40.0,53.12
TnEndoV,GAI80805.1,33.333,90,59,1,16,105,4,92,0.014,40.4,45.56
TnEndoV,ECZ10162.1,28.814,59,42,0,1,59,6,64,0.017,39.3,52.54
PtEndoV,SVB17872.1,40.889,225,129,4,3,226,1,222,2.01e-58,190,65.33
PtEndoV,SVA97454.1,42.035,226,128,3,1,225,3,226,2.49e-58,189,63.72
PtEndoV,VAX30640.1,45.833,216,109,5,11,224,3,212,2.48e-57,187,66.20
PtEndoV,KAF5031478.1,43.556,225,123,4,3,226,1,222,9.23e-57,186,63.56
PtEndoV,GAF68321.1,45.291,223,118,4,3,225,7,225,2.39e-56,184,63.23
PtEndoV,MBA7578070.1,42.731,227,126,4,3,227,1,225,2.55e-56,184,59.91
PtEndoV,GAI99231.1,45.291,223,118,4,3,224,1,220,3.44e-56,184,61.43
PtEndoV,MNS39826.1,45.794,214,112,4,12,224,9,219,8.07e-56,183,61.68
PtEndoV,MBA7565699.1,46.119,219,112,5,3,219,1,215,1.17e-55,183,63.47
PtEndoV,GAG74326.1,43.498,223,122,4,3,225,1,219,1.52e-55,182,62.78
PtEndoV,KAF5082613.1,41.333,225,128,4,3,226,1,222,2.69e-55,182,61.33
PtEndoV,MNU22716.1,45.327,214,113,4,12,224,9,219,4.49e-55,181,61.21
PtEndoV,MBA7504563.1,45.662,219,113,5,3,219,1,215,5.36e-55,181,63.47
PtEndoV,SVA02192.1,41.704,223,126,4,3,224,1,220,8.98e-55,181,64.57
PtEndoV,MBA7587894.1,43.946,223,121,4,3,225,1,219,1.89e-54,179,62.33
PtEndoV,MBA7581868.1,44.395,223,120,4,3,225,7,225,1.94e-54,180,62.78
PtEndoV,GAI77145.1,45.070,213,113,4,3,215,7,215,6.07e-54,177,63.38
PtEndoV,KAF5052059.1,42.922,219,121,4,3,220,1,216,9.25e-54,178,63.93
PtEndoV,GAF92221.1,46.000,200,103,4,21,218,1,197,2.15e-53,177,63.50
PtEndoV,MBA7510440.1,43.556,225,121,4,2,221,6,229,2.44e-53,177,60.00
PtEndoV,MBA7471499.1,44.395,223,120,4,3,225,1,219,2.55e-53,177,61.43
PtEndoV,MBA7465287.1,43.304,224,121,4,3,221,1,223,4.08e-53,176,60.27
PtEndoV,EBG66296.1,45.370,216,114,4,3,217,1,213,5.13e-53,176,62.96
PtEndoV,VAX33958.1,45.370,216,110,5,11,224,3,212,5.74e-53,176,63.43
PtEndoV,GAG63035.1,44.595,222,119,4,3,224,1,218,6.11e-53,181,62.16
PtEndoV,EBO89981.1,46.190,210,103,5,11,215,11,215,7.63e-53,175,64.29
PtEndoV,MNS34968.1,41.441,222,120,5,9,226,6,221,8.91e-53,175,63.51
PtEndoV,MBA7539901.1,43.049,223,123,4,3,225,1,219,1.20e-52,175,62.33
PtEndoV,MBA7606070.1,41.627,209,119,3,9,216,7,213,1.89e-52,175,64.59
PtEndoV,EBZ31011.1,41.364,220,125,4,1,219,4,220,2.12e-52,175,61.36
PtEndoV,KKO10073.1,41.150,226,124,5,8,227,5,227,5.50e-52,173,61.95
PtEndoV,MBA7597851.1,44.601,213,114,4,8,219,1,210,1.08e-51,172,61.50
PtEndoV,MBA7485972.1,42.661,218,121,4,3,219,1,215,1.20e-51,172,60.55
PtEndoV,MBA7481308.1,43.049,223,113,6,3,219,1,215,1.64e-51,172,61.43
PtEndoV,SVA97036.1,39.726,219,126,5,3,219,1,215,2.26e-51,172,62.56
PtEndoV,GAI97610.1,41.546,207,118,3,11,216,1,205,3.54e-51,171,64.25
PtEndoV,MBA7486217.1,42.986,221,116,5,3,219,44,258,4.77e-51,173,61.09
PtEndoV,MBA7502676.1,45.455,220,112,5,3,219,9,223,1.03e-50,170,60.91
PtEndoV,MBA7671621.1,42.202,218,122,4,3,219,1,215,1.08e-50,170,60.09
PtEndoV,MBA7665957.1,39.044,251,123,6,3,225,1,249,1.39e-50,170,57.37
PtEndoV,MBA7627017.1,42.326,215,120,4,6,219,2,213,1.61e-50,170,60.00
PtEndoV,MBA7669295.1,42.534,221,117,5,3,219,1,215,1.75e-50,169,61.09
PtEndoV,MBA7639026.1,41.743,218,123,4,3,219,1,215,3.40e-50,169,61.93
PtEndoV,MPL57707.1,40.889,225,129,4,1,224,1,222,4.56e-50,168,61.78
PtEndoV,GAF92994.1,41.860,215,121,4,3,217,1,211,7.57e-50,167,61.86
PtEndoV,MBA7681772.1,42.152,223,115,6,3,219,1,215,1.36e-49,167,60.54
PtEndoV,MBA7589897.1,43.049,223,123,4,3,225,7,225,1.60e-49,167,63.23
PtEndoV,VAX22466.1,41.546,207,117,4,12,218,9,211,1.86e-49,166,63.29
PtEndoV,GAH02860.1,41.629,221,119,5,3,219,1,215,2.10e-49,167,59.28
PtEndoV,MBA7662515.1,42.661,218,121,4,3,219,4,218,2.42e-49,167,59.63
PtEndoV,MMZ46426.1,41.553,219,118,5,9,223,7,219,2.56e-49,166,64.38
PtEndoV,MBA7688061.1,42.202,218,122,4,3,219,1,215,2.99e-49,166,60.09
PtEndoV,MMZ56831.1,42.793,222,123,4,3,223,1,219,3.20e-49,166,63.51
PtEndoV,MBA7621669.1,41.743,218,123,4,3,219,1,215,4.33e-49,166,60.55
PtEndoV,MBA7481351.1,42.661,218,121,4,3,219,4,218,4.54e-49,166,59.17
PtEndoV,ECE64605.1,38.839,224,133,4,1,223,6,226,9.90e-49,165,59.38
PtEndoV,ECD70217.1,38.393,224,134,4,1,223,6,226,1.31e-48,164,59.38
PtEndoV,SVA17729.1,38.991,218,129,4,3,219,1,215,1.67e-48,164,60.55
PtEndoV,MNJ95060.1,41.063,207,118,4,13,218,7,210,2.12e-48,164,62.32
PtEndoV,MBA7584147.1,42.661,218,121,4,3,219,1,215,2.94e-48,164,57.80
PtEndoV,MQM37124.1,41.935,217,121,5,9,223,7,220,2.96e-48,164,59.45
PtEndoV,KKL72149.1,37.872,235,128,4,3,222,1,232,6.19e-48,163,58.30
PtEndoV,MBA7648181.1,41.629,221,119,5,3,219,22,236,6.76e-48,164,59.28
PtEndoV,KKN23490.1,38.710,217,129,4,9,224,7,220,9.23e-48,162,59.45
PtEndoV,MBA7482049.1,38.961,231,124,5,8,224,17,244,1.72e-47,162,58.01
PtEndoV,GAH65281.1,42.254,213,113,5,11,219,1,207,3.35e-47,161,60.09
PtEndoV,MBA7503633.1,43.636,220,116,5,3,219,1,215,3.80e-47,161,60.45
PtEndoV,MND95080.1,40.476,210,120,4,17,223,5,212,3.87e-47,160,59.05
PtEndoV,MBA7471593.1,40.179,224,113,7,9,218,4,220,6.44e-47,160,58.93
PtEndoV,MNK82882.1,41.176,221,120,5,11,227,6,220,1.07e-46,160,58.37
PtEndoV,MNR81376.1,41.176,221,120,5,11,227,6,220,1.19e-46,160,58.37
PtEndoV,EBT32089.1,41.063,207,119,3,18,223,1,205,1.35e-46,159,61.35
PtEndoV,MMZ48742.1,40.476,210,120,4,17,223,5,212,1.43e-46,159,58.57
PtEndoV,VFU19075.1,36.986,219,134,4,9,226,4,219,3.30e-46,158,60.27
PtEndoV,MBA7611760.1,42.342,222,124,4,3,224,1,218,9.42e-46,162,62.16
PtEndoV,MBA7622797.1,37.349,249,119,6,8,224,4,247,1.65e-45,157,54.62
PtEndoV,ECU89507.1,37.500,224,136,4,1,223,11,231,1.70e-45,157,58.93
PtEndoV,MNM36296.1,44.022,184,100,3,41,223,31,212,8.01e-45,155,60.33
PtEndoV,EBR94274.1,37.054,224,137,4,1,223,11,231,8.03e-45,155,58.93
PtEndoV,MBA7686425.1,40.625,224,121,7,3,221,1,217,1.31e-44,154,56.70
PtEndoV,GAH25283.1,41.799,189,107,3,37,225,1,186,1.34e-44,153,63.49
PtEndoV,MNG97412.1,42.391,184,103,3,41,223,31,212,1.77e-44,154,60.87
PtEndoV,VAW59629.1,39.437,213,119,5,9,217,7,213,1.80e-44,154,62.44
PtEndoV,GAJ13751.1,48.795,166,83,2,54,219,1,164,2.63e-44,152,63.86
PtEndoV,MMZ57130.1,42.727,220,116,5,9,224,7,220,4.67e-44,153,63.18
PtEndoV,MNI26057.1,40.807,223,128,4,3,224,1,220,6.41e-44,152,62.33
PtEndoV,SVA55711.1,40.741,216,124,4,3,218,1,212,6.50e-44,152,62.04
PtEndoV,MBA7509134.1,40.183,219,124,5,3,218,1,215,2.94e-43,150,59.36
PtEndoV,MNW27244.1,37.615,218,131,5,9,225,10,223,6.83e-43,150,61.01
PtEndoV,GAI44946.1,42.391,184,103,3,42,225,3,183,7.43e-43,149,63.59
PtEndoV,MBA7714958.1,40.183,219,124,5,3,218,1,215,1.03e-42,149,59.36
PtEndoV,ECV17376.1,42.162,185,104,3,34,217,24,206,1.93e-42,149,60.54
PtEndoV,MNB87194.1,43.503,177,97,3,42,217,31,205,2.46e-42,148,61.58
PtEndoV,VAX21635.1,37.681,207,124,4,13,218,2,204,2.47e-42,148,60.87
PtEndoV,MNS82444.1,43.503,177,97,3,42,217,31,205,2.51e-42,148,61.58
PtEndoV,MNB87223.1,41.622,185,105,3,34,217,23,205,3.43e-42,148,62.16
PtEndoV,PJE80395.1,37.500,216,129,5,9,222,6,217,4.20e-42,148,59.26
PtEndoV,MCY1491902.1,38.498,213,121,5,12,220,6,212,4.45e-42,148,59.62
PtEndoV,MBA7623485.1,43.590,195,99,5,37,227,7,194,4.86e-42,147,62.05
PtEndoV,MNC16838.1,43.243,185,102,3,34,217,23,205,6.49e-42,147,61.08
PtEndoV,GAI58467.1,43.158,190,101,5,10,196,1,186,7.08e-42,147,62.11
PtEndoV,MNS27259.1,37.900,219,130,5,1,218,3,216,7.51e-42,147,60.27
PtEndoV,MNM65599.1,36.818,220,126,5,5,223,8,215,2.26e-41,145,56.36
PtEndoV,MNS83019.1,48.322,149,75,2,75,223,2,148,4.18e-41,143,63.09
PtEndoV,MBA7610290.1,46.584,161,84,2,59,219,1,159,6.06e-41,144,62.73
PtEndoV,MNY21964.1,44.509,173,94,2,55,227,12,182,9.10e-41,143,59.54
PtEndoV,MNM11020.1,40.930,215,124,3,10,223,9,221,3.47e-40,143,56.74
PtEndoV,GAI39018.1,38.462,195,117,3,3,196,1,193,3.68e-40,142,58.46
PtEndoV,VAX16183.1,37.143,210,128,4,13,222,6,211,4.39e-40,142,61.43
PtEndoV,GAI70943.1,46.939,147,76,2,79,225,1,145,4.51e-40,140,65.99
PtEndoV,MNB76126.1,41.204,216,122,4,10,223,9,221,1.73e-39,141,56.94
PtEndoV,GAF71137.1,39.535,215,123,6,12,224,2,211,2.02e-39,140,58.60
PtEndoV,GAH43112.1,38.942,208,120,5,13,218,1,203,2.05e-39,140,60.10
PtEndoV,MND31917.1,39.394,198,117,3,27,223,16,211,2.25e-39,140,57.58
PtEndoV,MPM64933.1,38.462,221,122,5,14,227,8,221,5.30e-39,140,59.28
PtEndoV,EDA48024.1,39.062,192,115,2,10,200,18,208,6.50e-39,139,58.85
PtEndoV,GAI60889.1,46.259,147,77,2,79,225,5,149,7.46e-39,137,65.99
PtEndoV,EBT96658.1,43.506,154,85,2,66,219,2,153,7.62e-39,138,63.64
PtEndoV,EBS28501.1,37.634,186,113,3,39,223,7,190,2.14e-38,138,59.14
PtEndoV,GAG44408.1,39.779,181,88,3,66,227,15,193,2.84e-38,137,55.25
PtEndoV,KKL50305.1,38.860,193,113,4,36,226,2,191,3.35e-38,137,56.99
PtEndoV,MBA7680802.1,44.371,151,81,2,67,217,1,148,7.90e-38,135,66.23
PtEndoV,GAI49090.1,43.931,173,88,4,3,171,7,174,1.06e-37,135,61.27
PtEndoV,GFO96451.1,35.648,216,134,4,3,218,1,211,1.12e-37,137,57.87
PtEndoV,GAH19190.1,42.857,161,89,2,57,217,37,194,1.55e-37,136,65.22
PtEndoV,MNX97927.1,46.000,150,79,2,78,227,2,149,2.90e-37,133,62.67
PtEndoV,GAH20720.1,45.270,148,79,2,3,150,7,152,4.88e-37,132,65.54
PtEndoV,ECT47978.1,36.500,200,123,4,25,223,6,202,5.22e-37,134,58.50
PtEndoV,GAI15505.1,40.217,184,107,3,3,186,1,181,8.33e-37,133,59.78
PtEndoV,MNK23057.1,33.790,219,141,4,1,218,1,216,2.89e-36,133,57.53
PtEndoV,EBG53809.1,36.649,191,113,4,9,197,21,205,3.63e-36,132,60.73
PtEndoV,GAG91624.1,45.833,144,75,2,74,217,4,144,4.18e-36,130,65.97
PtEndoV,MCY1240527.1,45.000,140,75,2,81,220,15,152,5.22e-36,130,64.29
PtEndoV,ECO83883.1,45.390,141,75,2,79,219,1,139,7.07e-36,130,63.12
PtEndoV,GAG79068.1,40.123,162,82,4,3,150,1,161,1.95e-35,129,62.35
PtEndoV,MBA7501844.1,37.500,208,121,5,24,227,17,219,1.42e-34,128,55.29
PtEndoV,GAI51065.1,45.946,148,74,3,3,147,1,145,1.66e-33,123,62.16
PtEndoV,MBA7617930.1,35.023,217,128,6,15,227,12,219,1.69e-33,125,55.30
PtEndoV,MBA7602394.1,34.247,219,133,5,8,223,22,232,2.97e-33,125,56.62
PtEndoV,EDF36274.1,36.585,164,102,2,1,163,4,166,5.99e-33,122,58.54
PtEndoV,GAH62312.1,46.269,134,70,2,91,224,1,132,9.69e-33,121,62.69
PtEndoV,GAI45941.1,37.569,181,100,6,3,177,1,174,1.52e-32,122,55.80
PtEndoV,ECK09609.1,36.585,164,102,2,1,163,4,166,1.97e-32,121,57.93
PtEndoV,EBG18320.1,33.036,224,129,5,3,226,52,254,1.18e-31,122,54.91
PtEndoV,MNT03616.1,47.333,150,75,3,75,223,6,152,1.56e-30,116,61.33
PtEndoV,ETJ37145.1,48.246,114,58,1,75,188,1,113,3.32e-30,114,64.91
PtEndoV,ECU02471.1,36.601,153,95,2,3,154,6,157,8.39e-30,114,58.17
PtEndoV,GAG11384.1,34.419,215,130,6,15,223,43,252,6.20e-29,114,54.88
PtEndoV,MNX98642.1,34.463,177,113,3,42,217,41,215,6.33e-27,108,57.63
PtEndoV,GAI23745.1,48.000,100,52,0,57,156,7,106,7.95e-27,105,70.00
PtEndoV,GAH07078.1,45.312,128,65,3,93,218,1,125,1.22e-26,105,61.72
PtEndoV,KUG15750.1,33.735,166,108,2,58,223,1,164,4.48e-26,105,55.42
PtEndoV,KKK59051.1,35.359,181,106,3,37,217,6,175,7.21e-26,105,53.04
PtEndoV,GAF76138.1,43.066,137,75,2,42,177,2,136,8.18e-26,103,60.58
PtEndoV,MBA7573906.1,31.837,245,145,7,3,227,1,243,1.61e-25,105,51.84
PtEndoV,MNL45269.1,43.966,116,63,2,109,224,1,114,2.35e-25,102,62.07
PtEndoV,MBA7513179.1,31.837,245,145,7,3,227,1,243,2.71e-25,105,51.84
PtEndoV,MBA7608824.1,34.395,157,97,3,69,223,69,221,9.62e-25,103,61.78
PtEndoV,EBL17995.1,33.495,206,117,7,37,226,92,293,1.54e-24,104,52.91
PtEndoV,GAH63210.1,45.872,109,56,2,109,217,1,106,1.60e-24,100,67.89
PtEndoV,KAF5068794.1,30.734,218,133,6,16,227,8,213,2.37e-23,99.4,51.38
PtEndoV,GAI42530.1,37.419,155,93,3,69,223,1,151,2.37e-23,97.4,57.42
PtEndoV,EBO93293.1,32.609,184,112,4,43,226,74,245,1.63e-21,95.1,54.35
PtEndoV,GAG35390.1,36.090,133,83,2,91,223,1,131,2.33e-21,91.7,62.41
PtEndoV,KKN67243.1,29.508,244,151,6,3,227,1,242,5.52e-21,93.6,48.77
PtEndoV,MBA7658697.1,50.505,99,43,4,123,219,1,95,1.42e-20,89.0,68.69
PtEndoV,CEG12701.1,38.356,146,68,5,79,219,3,131,6.78e-19,85.9,57.53
PtEndoV,KKN40207.1,28.452,239,150,6,3,222,1,237,8.23e-19,87.8,49.37
PtEndoV,GAI95248.1,44.444,99,53,2,3,99,1,99,3.24e-18,82.4,63.64
PtEndoV,EBG29958.1,33.516,182,109,5,46,227,1,170,1.94e-17,82.4,51.65
PtEndoV,ECT08028.1,44.872,78,42,1,66,143,74,150,2.10e-15,77.0,62.82
PtEndoV,ECY96763.1,40.426,94,54,2,1,93,4,96,9.61e-15,73.6,59.57
PtEndoV,QHT24425.1,30.723,166,90,5,77,226,114,270,1.11e-14,77.4,50.00
PtEndoV,EBZ53936.1,40.000,80,47,1,138,217,1,79,8.95e-11,62.8,57.50
PtEndoV,GAI15708.1,59.524,42,17,0,103,144,7,48,3.27e-10,60.1,78.57
PtEndoV,CEG11079.1,43.243,74,37,1,79,147,3,76,1.62e-09,59.7,63.51
PtEndoV,VAW93767.1,56.818,44,19,0,104,147,7,50,1.72e-09,58.5,75.00
PtEndoV,GAI75900.1,52.727,55,25,1,170,224,13,66,2.88e-09,58.2,63.64
PtEndoV,EBW53800.1,51.852,54,25,1,166,219,2,54,3.96e-09,57.8,68.52
PtEndoV,EDF36271.1,51.852,54,25,1,166,219,9,61,4.42e-09,57.8,68.52
PtEndoV,GAH38031.1,42.683,82,45,2,138,219,1,80,8.45e-09,57.8,57.32
PtEndoV,GAH45989.1,47.273,55,28,1,162,216,5,58,4.64e-08,55.1,69.09
PtEndoV,GAH19557.1,41.538,65,37,1,40,103,17,81,2.48e-07,53.1,63.08
PtEndoV,GAG28928.1,40.845,71,40,2,149,219,8,76,8.90e-07,52.0,57.75
PtEndoV,MBA7543858.1,42.857,56,31,1,170,225,8,62,2.88e-06,50.1,62.50
PtEndoV,GAG76822.1,44.000,50,27,1,169,218,12,60,3.49e-06,49.7,60.00
PtEndoV,GAI80805.1,36.957,92,56,2,15,106,3,92,1.25e-04,46.2,48.91
PtEndoV,GAJ19558.1,40.000,80,46,2,15,94,3,80,0.002,42.4,52.50
PtEndoV,ECZ10162.1,51.515,33,16,0,1,33,6,38,0.016,39.3,69.70
TmeEndoV,MBA7482049.1,42.857,231,116,2,6,220,15,245,3.75e-63,202,64.07
TmeEndoV,GAG74326.1,41.850,227,131,1,3,228,1,227,1.56e-60,195,65.20
TmeEndoV,GAI99231.1,42.081,221,125,1,3,220,1,221,1.18e-59,192,65.61
TmeEndoV,MBA7622797.1,39.676,247,117,2,6,220,2,248,2.48e-59,192,59.11
TmeEndoV,MBA7539901.1,43.049,223,126,1,3,224,1,223,3.14e-59,192,63.23
TmeEndoV,GAF68321.1,40.969,227,133,1,3,228,7,233,3.31e-59,192,64.32
TmeEndoV,KAF5052059.1,40.991,222,128,2,3,221,1,222,5.13e-59,191,64.41
TmeEndoV,GAG63035.1,44.144,222,123,1,3,223,1,222,1.89e-58,196,63.51
TmeEndoV,MBA7471593.1,40.000,225,123,3,9,221,4,228,4.59e-58,189,62.22
TmeEndoV,MBA7587894.1,40.088,227,135,1,3,228,1,227,5.80e-58,188,64.32
TmeEndoV,GAI77145.1,42.584,209,119,1,3,210,7,215,7.92e-58,187,66.51
TmeEndoV,MBA7581868.1,42.925,212,120,1,3,213,7,218,9.64e-58,188,66.98
TmeEndoV,MBA7589897.1,43.498,223,125,1,3,224,7,229,1.41e-57,188,64.57
TmeEndoV,KAF5031478.1,37.333,225,138,2,3,224,1,225,7.29e-57,186,63.11
TmeEndoV,KAF5082613.1,38.326,227,137,2,3,226,1,227,7.66e-57,186,62.11
TmeEndoV,MPL57707.1,40.278,216,126,1,1,213,1,216,4.36e-56,183,63.89
TmeEndoV,MBA7471499.1,42.453,212,121,1,3,213,1,212,8.94e-56,183,65.57
TmeEndoV,SVB17872.1,40.090,222,130,1,3,221,1,222,1.08e-55,183,62.16
TmeEndoV,VAX33958.1,41.553,219,125,2,10,226,2,219,2.29e-55,182,62.56
TmeEndoV,MNU22716.1,39.381,226,133,3,3,225,1,225,7.41e-55,181,62.39
TmeEndoV,MNS39826.1,39.631,217,128,2,12,225,9,225,1.20e-54,180,63.59
TmeEndoV,MBA7465287.1,43.243,222,113,6,3,213,1,220,2.77e-54,179,65.77
TmeEndoV,MBA7606070.1,41.315,213,121,2,3,211,1,213,2.88e-54,179,64.79
TmeEndoV,MBA7510440.1,42.342,222,117,5,2,213,6,226,4.54e-54,179,64.86
TmeEndoV,VAX30640.1,41.315,213,122,2,10,220,2,213,5.45e-54,178,61.97
TmeEndoV,MBA7665957.1,39.506,243,116,3,3,214,1,243,6.42e-54,179,58.02
TmeEndoV,MBA7611760.1,43.694,222,124,1,3,223,1,222,8.52e-54,184,63.06
TmeEndoV,MBA7714958.1,43.119,218,118,3,3,215,1,217,1.04e-53,177,63.76
TmeEndoV,MBA7509134.1,42.661,218,119,3,3,215,1,217,2.47e-53,176,64.22
TmeEndoV,EBO89981.1,46.829,205,104,2,11,210,11,215,3.98e-53,176,62.44
TmeEndoV,KKN23490.1,38.140,215,130,1,9,220,7,221,5.92e-53,176,60.93
TmeEndoV,MBA7578070.1,39.352,216,126,3,3,213,1,216,1.53e-52,174,62.96
TmeEndoV,GAI97610.1,41.463,205,116,2,11,211,1,205,1.59e-52,175,65.37
TmeEndoV,MBA7623485.1,39.691,194,116,1,36,228,7,200,4.25e-52,172,65.98
TmeEndoV,SVA17729.1,38.785,214,128,1,3,213,1,214,5.77e-52,173,64.95
TmeEndoV,KKO10073.1,39.450,218,124,2,8,217,5,222,1.13e-51,172,61.01
TmeEndoV,MBA7504563.1,39.720,214,126,1,3,213,1,214,1.93e-51,172,63.55
TmeEndoV,SVA97454.1,41.014,217,124,2,1,213,3,219,3.05e-51,171,60.37
TmeEndoV,VAX22466.1,39.545,220,127,2,1,219,3,217,5.20e-51,170,62.27
TmeEndoV,MBA7584147.1,39.252,214,127,1,3,213,1,214,6.69e-51,171,61.21
TmeEndoV,SVA97036.1,38.967,213,127,1,3,212,1,213,7.06e-51,171,63.38
TmeEndoV,MBA7688061.1,37.850,214,130,1,3,213,1,214,7.20e-51,171,63.08
TmeEndoV,MBA7565699.1,39.252,214,127,1,3,213,1,214,7.65e-51,171,63.55
TmeEndoV,MBA7648181.1,37.383,214,131,1,3,213,22,235,1.21e-50,171,63.08
TmeEndoV,GAF92221.1,42.000,200,112,3,21,216,1,200,1.25e-50,171,61.00
TmeEndoV,SVA02192.1,38.318,214,129,2,3,213,1,214,2.89e-50,169,64.49
TmeEndoV,MBA7481308.1,37.850,214,130,1,3,213,1,214,7.68e-50,168,62.15
TmeEndoV,GAI44946.1,41.799,189,109,1,41,228,3,191,9.69e-50,166,63.49
TmeEndoV,MNS34968.1,35.714,224,139,3,9,228,6,228,1.11e-49,167,61.16
TmeEndoV,GAF71137.1,41.463,205,116,2,16,217,6,209,1.23e-49,167,61.95
TmeEndoV,EBG66296.1,39.189,222,130,2,3,220,1,221,1.58e-49,167,58.56
TmeEndoV,VAX16183.1,40.000,205,122,1,15,218,8,212,2.29e-49,166,63.90
TmeEndoV,VFU19075.1,38.496,226,124,6,9,227,4,221,2.78e-49,166,59.73
TmeEndoV,MBA7681772.1,38.318,214,129,1,3,213,1,214,6.07e-49,166,60.75
TmeEndoV,GAH25283.1,41.969,193,111,1,37,228,2,194,1.04e-48,164,63.73
TmeEndoV,SVA55711.1,41.038,212,124,1,3,213,1,212,1.48e-48,164,61.32
TmeEndoV,GAF92994.1,36.493,211,133,1,3,212,1,211,1.82e-48,164,59.72
TmeEndoV,MNJ95060.1,41.063,207,119,2,17,220,11,217,2.55e-48,164,62.32
TmeEndoV,MBA7671621.1,36.449,214,133,2,3,213,1,214,3.54e-48,164,61.68
TmeEndoV,MPM64933.1,36.681,229,136,3,3,226,1,225,5.25e-48,163,62.01
TmeEndoV,GAH43112.1,39.320,206,119,4,16,217,4,207,5.57e-48,162,62.62
TmeEndoV,MBA7485972.1,36.449,214,133,2,3,213,1,214,5.64e-48,163,61.21
TmeEndoV,MBA7502676.1,40.930,215,122,3,3,213,9,222,6.13e-48,163,60.47
TmeEndoV,EBZ31011.1,36.111,216,135,2,1,213,4,219,1.00e-47,163,62.50
TmeEndoV,MQM37124.1,36.123,227,139,4,3,225,1,225,1.05e-47,162,56.83
TmeEndoV,MBA7669295.1,37.383,214,131,2,3,213,1,214,1.26e-47,162,61.68
TmeEndoV,GAH02860.1,36.449,214,133,1,3,213,1,214,3.79e-47,161,59.35
TmeEndoV,MBA7627017.1,35.545,211,133,1,6,213,2,212,5.06e-47,160,60.66
TmeEndoV,MBA7639026.1,38.140,215,128,3,3,213,1,214,5.29e-47,161,60.00
TmeEndoV,MBA7686425.1,37.850,214,130,1,3,213,1,214,7.97e-47,160,59.81
TmeEndoV,KKL72149.1,34.615,234,132,4,3,217,1,232,9.25e-47,160,56.41
TmeEndoV,MMZ57130.1,40.278,216,123,3,9,221,7,219,1.09e-46,159,64.35
TmeEndoV,ECD70217.1,38.028,213,129,1,3,212,8,220,2.01e-46,159,59.62
TmeEndoV,VAW59629.1,37.799,209,127,2,9,214,7,215,2.33e-46,159,61.24
TmeEndoV,MCY1491902.1,41.333,225,117,4,16,227,10,232,2.35e-46,159,56.89
TmeEndoV,ECE64605.1,37.674,215,131,1,1,212,6,220,2.54e-46,159,59.53
TmeEndoV,GFO96451.1,36.321,212,133,2,16,226,14,224,2.73e-46,159,64.62
TmeEndoV,VAX21635.1,36.893,206,128,2,13,216,2,207,8.31e-46,157,62.14
TmeEndoV,MNW27244.1,38.222,225,133,3,3,224,4,225,2.22e-45,156,60.00
TmeEndoV,MBA7481351.1,36.279,215,132,3,3,213,4,217,3.49e-45,156,60.93
TmeEndoV,MBA7503633.1,39.252,214,127,1,3,213,1,214,4.34e-45,155,59.35
TmeEndoV,EBR94274.1,36.916,214,132,2,3,213,13,226,4.89e-45,156,60.28
TmeEndoV,MMZ46426.1,37.273,220,132,3,9,225,7,223,6.43e-45,155,62.73
TmeEndoV,GAH65281.1,36.893,206,127,1,11,213,1,206,6.78e-45,155,60.68
TmeEndoV,ECU89507.1,36.574,216,134,2,1,213,11,226,7.37e-45,155,60.19
TmeEndoV,MBA7662515.1,36.279,215,132,3,3,213,4,217,8.84e-45,155,60.93
TmeEndoV,MBA7486217.1,36.449,214,133,1,3,213,44,257,1.49e-44,156,60.75
TmeEndoV,MBA7597851.1,35.268,224,140,2,8,226,1,224,3.19e-44,153,58.04
TmeEndoV,EBT32089.1,38.049,205,121,4,18,217,1,204,3.53e-44,153,61.95
TmeEndoV,MBA7621669.1,35.514,214,135,1,3,213,1,214,5.77e-44,153,59.81
TmeEndoV,GAI60889.1,44.231,156,87,0,73,228,2,157,1.18e-43,150,62.82
TmeEndoV,GAI70943.1,45.752,153,83,0,76,228,1,153,1.41e-43,149,63.40
TmeEndoV,PJE80395.1,38.647,207,124,2,9,212,6,212,1.43e-43,152,59.42
TmeEndoV,KKL50305.1,36.269,193,118,3,34,222,1,192,3.81e-43,149,58.03
TmeEndoV,MND31917.1,39.011,182,108,1,39,217,29,210,4.13e-43,150,61.54
TmeEndoV,MNR81376.1,34.742,213,136,2,11,220,6,218,4.24e-43,150,58.22
TmeEndoV,MNK82882.1,34.742,213,136,2,11,220,6,218,5.43e-43,150,58.22
TmeEndoV,MNS27259.1,38.028,213,127,2,9,218,9,219,6.22e-43,150,58.22
TmeEndoV,MCY1240527.1,48.611,144,74,0,77,220,14,157,9.15e-43,148,66.67
TmeEndoV,GAI39018.1,34.634,205,131,1,3,204,1,205,2.87e-42,147,60.98
TmeEndoV,MNB87223.1,39.779,181,106,2,39,216,29,209,3.87e-42,148,60.77
TmeEndoV,GAJ13751.1,42.767,159,91,0,55,213,5,163,1.73e-41,145,64.78
TmeEndoV,MMZ48742.1,40.341,176,102,2,40,212,31,206,1.83e-41,146,60.23
TmeEndoV,MNG97412.1,40.449,178,99,4,40,212,31,206,1.84e-41,146,62.36
TmeEndoV,MND95080.1,40.341,176,102,2,40,212,31,206,1.99e-41,146,60.23
TmeEndoV,MMZ56831.1,36.073,219,134,3,8,223,6,221,7.92e-41,145,58.90
TmeEndoV,MNC16838.1,39.779,181,106,2,39,216,29,209,1.52e-40,144,59.67
TmeEndoV,MNM11020.1,37.327,217,130,4,11,222,10,225,1.83e-40,144,58.53
TmeEndoV,MNI26057.1,35.648,216,133,3,9,221,7,219,2.42e-40,143,63.43
TmeEndoV,EBS28501.1,38.798,183,109,1,33,212,2,184,2.62e-40,142,60.66
TmeEndoV,MNB76126.1,37.915,211,125,4,11,216,10,219,2.67e-40,143,59.24
TmeEndoV,MNB87194.1,36.139,202,124,3,19,217,11,210,3.51e-40,143,57.92
TmeEndoV,GAI15505.1,37.143,175,109,1,9,182,7,181,4.08e-40,141,62.86
TmeEndoV,GAH62312.1,45.865,133,72,0,88,220,1,133,4.63e-40,140,69.92
TmeEndoV,ECV17376.1,37.363,182,111,2,39,217,30,211,7.34e-40,142,59.89
TmeEndoV,GAH19190.1,42.105,152,87,1,63,214,46,196,8.31e-40,142,69.74
TmeEndoV,MNM36296.1,37.500,192,116,3,40,228,31,221,8.40e-40,142,57.81
TmeEndoV,MNS83019.1,42.105,152,87,1,77,228,7,157,1.21e-39,139,60.53
TmeEndoV,MNM65599.1,38.333,180,106,3,41,216,35,213,1.97e-39,140,61.67
TmeEndoV,MBA7610290.1,39.873,158,95,0,56,213,1,158,2.13e-39,140,63.92
TmeEndoV,EDA48024.1,36.923,195,117,4,11,200,19,212,1.14e-38,139,60.51
TmeEndoV,EBG53809.1,34.426,183,114,3,9,188,21,200,2.06e-38,138,61.75
TmeEndoV,MNS82444.1,37.222,180,110,2,40,216,30,209,2.18e-38,138,60.00
TmeEndoV,ECO83883.1,44.526,137,76,0,76,212,1,137,2.45e-38,136,67.15
TmeEndoV,ECT47978.1,37.173,191,117,2,25,212,6,196,3.94e-38,137,59.69
TmeEndoV,EBT96658.1,40.397,151,90,0,63,213,2,152,4.02e-38,136,66.23
TmeEndoV,MNX97927.1,38.816,152,93,0,75,226,2,153,9.83e-38,134,63.82
TmeEndoV,GAG91624.1,43.262,141,79,1,74,214,7,146,1.01e-37,135,70.21
TmeEndoV,GAH20720.1,43.262,141,79,1,3,142,7,147,2.26e-37,133,70.21
TmeEndoV,GAI58467.1,36.364,187,116,1,10,193,1,187,3.04e-37,135,60.96
TmeEndoV,MBA7680802.1,40.123,162,92,2,64,221,1,161,4.50e-37,133,64.81
TmeEndoV,MNK23057.1,32.407,216,143,1,1,213,1,216,5.07e-37,135,56.94
TmeEndoV,GAG79068.1,40.462,173,87,2,3,159,1,173,9.67e-37,132,57.80
TmeEndoV,MNY21964.1,35.393,178,114,1,44,220,3,180,1.35e-36,133,58.43
TmeEndoV,MBA7501844.1,33.166,199,129,3,20,216,17,213,3.26e-36,132,58.29
TmeEndoV,GAG44408.1,37.427,171,88,3,63,214,15,185,8.23e-36,130,58.48
TmeEndoV,MBA7617930.1,33.166,199,129,3,20,216,17,213,1.09e-35,131,57.79
TmeEndoV,MNT03616.1,42.069,145,84,0,78,222,12,156,2.57e-35,128,64.83
TmeEndoV,EBO93293.1,35.714,224,120,6,12,223,36,247,5.97e-34,127,55.80
TmeEndoV,GAI51065.1,43.151,146,80,1,3,145,1,146,1.37e-33,123,63.01
TmeEndoV,GAH07078.1,43.750,128,69,2,90,215,1,127,1.51e-33,123,67.97
TmeEndoV,MBA7602394.1,31.280,211,141,3,8,216,22,230,4.41e-33,125,58.29
TmeEndoV,GAI45941.1,35.028,177,112,1,3,176,1,177,6.22e-32,120,57.63
TmeEndoV,MNX98642.1,33.488,215,140,2,1,212,1,215,9.24e-32,121,57.67
TmeEndoV,GAI49090.1,38.012,171,103,1,3,170,7,177,1.23e-31,119,57.31
TmeEndoV,MNL45269.1,40.000,120,72,0,106,225,1,120,9.87e-30,113,66.67
TmeEndoV,ECK09609.1,34.177,158,97,2,3,155,6,161,1.64e-29,114,60.76
TmeEndoV,ETJ37145.1,45.370,108,59,0,77,184,6,113,1.92e-28,109,64.81
TmeEndoV,GAF76138.1,37.956,137,81,2,40,173,1,136,2.22e-28,110,63.50
TmeEndoV,KKK59051.1,35.567,194,114,4,36,227,6,190,2.56e-28,111,51.55
TmeEndoV,ECU02471.1,34.228,149,91,2,3,146,6,152,4.78e-28,110,61.74
TmeEndoV,EDF36274.1,33.544,158,98,2,3,155,6,161,7.40e-28,109,60.13
TmeEndoV,GAI42530.1,33.803,142,92,1,75,216,10,149,3.30e-27,107,61.97
TmeEndoV,GAI23745.1,50.000,94,47,0,55,148,8,101,8.80e-27,105,68.09
TmeEndoV,EBG18320.1,29.469,207,132,5,20,222,59,255,2.32e-26,108,57.49
TmeEndoV,KUG15750.1,32.215,149,97,1,77,225,23,167,3.64e-26,105,57.72
TmeEndoV,GAH63210.1,41.284,109,63,1,106,214,1,108,5.28e-26,103,70.64
TmeEndoV,GAG11384.1,31.132,212,132,6,16,217,44,251,1.18e-25,106,53.77
TmeEndoV,KAF5068794.1,28.972,214,136,6,21,228,13,216,1.51e-25,105,54.67
TmeEndoV,MBA7608824.1,37.681,138,86,0,75,212,78,215,1.89e-25,105,56.52
TmeEndoV,GAG35390.1,36.800,125,79,0,88,212,1,125,8.68e-24,98.2,58.40
TmeEndoV,ECT08028.1,34.074,135,74,3,19,142,22,152,1.42e-21,93.6,59.26
TmeEndoV,EBG29958.1,33.152,184,103,4,45,222,1,170,1.82e-21,93.2,53.80
TmeEndoV,CEG12701.1,36.601,153,75,5,76,222,3,139,1.95e-21,92.4,58.17
TmeEndoV,MBA7513179.1,32.692,208,117,7,36,223,40,244,4.47e-20,91.3,50.96
TmeEndoV,MBA7573906.1,32.692,208,117,7,36,223,40,244,4.96e-20,91.3,50.96
TmeEndoV,KKN67243.1,31.000,200,121,4,41,223,44,243,8.15e-20,90.5,50.50
TmeEndoV,EBL17995.1,30.049,203,120,7,38,223,94,291,9.66e-20,91.3,51.72
TmeEndoV,KKN40207.1,31.443,194,116,4,41,217,44,237,1.24e-18,87.4,50.00
TmeEndoV,MBA7658697.1,41.489,94,55,0,120,213,1,94,8.02e-18,82.0,61.70
TmeEndoV,QHT24425.1,33.129,163,88,6,65,212,105,261,6.49e-17,83.6,56.44
TmeEndoV,GAI95248.1,42.424,99,52,3,3,96,1,99,7.82e-16,76.3,63.64
TmeEndoV,GAH45989.1,55.172,58,25,1,154,211,2,58,1.94e-13,69.7,77.59
TmeEndoV,EBZ53936.1,35.227,88,56,1,135,221,1,88,5.83e-12,65.9,61.36
TmeEndoV,ECO34457.1,42.857,77,44,0,137,213,32,108,1.62e-11,65.9,64.94
TmeEndoV,EBX17806.1,34.211,76,50,0,142,217,3,78,3.29e-11,63.5,64.47
TmeEndoV,GAG76822.1,37.681,69,43,0,155,223,2,70,1.67e-10,61.2,62.32
TmeEndoV,GAI75900.1,45.614,57,31,0,164,220,11,67,7.10e-10,59.7,70.18
TmeEndoV,CEG11079.1,43.243,74,37,2,76,144,3,76,1.30e-09,60.1,62.16
TmeEndoV,EBR46406.1,43.478,69,39,0,145,213,1,69,1.99e-09,59.3,60.87
TmeEndoV,VAW93767.1,51.020,49,24,0,105,153,11,59,2.92e-09,57.8,69.39
TmeEndoV,EBW53800.1,49.020,51,26,0,163,213,3,53,2.98e-09,58.2,70.59
TmeEndoV,EDF36271.1,50.000,50,25,0,164,213,11,60,4.04e-09,58.2,72.00
TmeEndoV,GAH38031.1,31.646,79,54,0,135,213,1,79,7.42e-09,57.8,58.23
TmeEndoV,GAG28928.1,42.188,64,37,0,150,213,12,75,1.05e-08,57.4,56.25
TmeEndoV,MBA7543858.1,44.068,59,33,0,166,224,8,66,1.84e-08,55.8,62.71
TmeEndoV,GAH19557.1,43.077,65,34,2,41,102,19,83,1.13e-07,54.3,64.62
TmeEndoV,GAI80805.1,39.437,71,42,1,22,91,10,80,1.31e-07,54.3,64.79
TmeEndoV,GAI15708.1,50.000,40,20,0,100,139,7,46,1.69e-07,52.8,75.00
TmeEndoV,GAI11649.1,34.524,84,50,3,3,82,1,83,4.39e-07,52.8,59.52
TmeEndoV,MNY47775.1,28.947,76,54,0,137,212,1,76,1.07e-06,51.6,55.26
TmeEndoV,GAJ19558.1,38.028,71,43,1,22,91,10,80,1.43e-06,51.2,63.38
TmeEndoV,VAW93769.1,40.000,55,33,0,162,216,3,57,1.47e-06,50.4,65.45
TmeEndoV,MNI50880.1,37.037,54,34,0,163,216,4,57,2.79e-06,49.7,68.52
TmeEndoV,GAG99789.1,34.615,104,61,5,116,213,1,103,2.15e-05,48.9,55.77
TmeEndoV,GAI31744.1,46.939,49,26,0,3,51,7,55,2.02e-04,44.7,67.35
TaEndoV,GAI99231.1,49.321,221,109,2,3,220,1,221,8.25e-68,213,66.52
TaEndoV,MBA7539901.1,46.262,214,114,1,8,220,6,219,9.56e-66,208,68.22
TaEndoV,MBA7482049.1,44.156,231,113,2,6,220,15,245,3.41e-65,207,63.20
TaEndoV,GAF68321.1,44.700,217,119,1,5,220,9,225,3.76e-65,207,68.20
TaEndoV,KAF5031478.1,43.049,223,124,2,3,222,1,223,4.18e-65,207,66.37
TaEndoV,MBA7581868.1,44.240,217,120,1,5,220,9,225,8.43e-64,203,68.66
TaEndoV,KAF5082613.1,41.704,223,127,2,3,222,1,223,9.69e-64,203,65.92
TaEndoV,MBA7589897.1,45.662,219,118,1,5,222,9,227,2.55e-63,202,68.04
TaEndoV,MBA7587894.1,43.836,219,122,1,3,220,1,219,3.54e-63,202,68.04
TaEndoV,KAF5052059.1,43.243,222,123,2,3,221,1,222,3.67e-63,202,66.22
TaEndoV,MBA7471499.1,43.891,221,123,1,3,222,1,221,4.95e-63,201,66.97
TaEndoV,GAG74326.1,41.629,221,128,1,3,222,1,221,1.20e-62,200,67.87
TaEndoV,GAG63035.1,44.749,219,120,1,3,220,1,219,2.63e-62,205,67.12
TaEndoV,MBA7622797.1,40.891,247,114,2,6,220,2,248,5.36e-62,199,58.70
TaEndoV,VAX30640.1,45.283,212,115,1,10,220,2,213,7.77e-62,198,66.04
TaEndoV,SVB17872.1,42.793,222,124,2,3,221,1,222,3.57e-61,197,64.41
TaEndoV,MBA7578070.1,44.843,223,118,3,3,220,1,223,9.05e-61,195,64.13
TaEndoV,MBA7606070.1,45.894,207,108,2,9,211,7,213,1.08e-60,196,70.05
TaEndoV,GAI77145.1,43.961,207,115,1,5,210,9,215,3.60e-60,193,68.12
TaEndoV,VAX33958.1,44.907,216,110,2,10,220,2,213,4.26e-60,194,64.81
TaEndoV,GAI97610.1,45.854,205,107,2,11,211,1,205,1.12e-59,193,70.24
TaEndoV,MBA7471593.1,42.222,225,118,2,9,221,4,228,2.53e-59,192,59.11
TaEndoV,MPL57707.1,43.243,222,123,2,1,219,1,222,1.19e-58,190,61.71
TaEndoV,KKO10073.1,44.601,213,110,2,8,212,5,217,2.15e-58,189,64.79
TaEndoV,MBA7611760.1,44.749,219,120,1,3,220,1,219,4.05e-58,194,66.67
TaEndoV,SVA02192.1,40.541,222,129,2,3,221,1,222,5.86e-58,189,66.67
TaEndoV,SVA97454.1,41.071,224,128,2,1,220,3,226,2.33e-57,187,62.05
TaEndoV,EBO89981.1,46.602,206,103,4,11,210,11,215,9.80e-57,185,66.02
TaEndoV,MNU22716.1,41.176,221,126,3,3,220,1,220,1.07e-56,185,63.35
TaEndoV,EBG66296.1,45.116,215,115,2,9,220,7,221,1.45e-56,184,60.47
TaEndoV,MNS39826.1,41.176,221,126,3,3,220,1,220,2.65e-56,184,62.90
TaEndoV,MBA7671621.1,40.807,223,129,2,3,222,1,223,6.09e-56,183,62.33
TaEndoV,MBA7623485.1,46.809,188,99,1,36,222,7,194,8.38e-56,182,68.09
TaEndoV,MBA7584147.1,42.326,215,121,2,3,214,1,215,1.16e-55,183,60.93
TaEndoV,MBA7665957.1,40.562,249,117,3,3,220,1,249,1.19e-55,183,57.43
TaEndoV,MNS34968.1,39.631,217,128,2,9,222,6,222,2.70e-55,182,62.21
TaEndoV,VAX22466.1,44.335,203,112,1,12,213,9,211,3.01e-55,181,65.52
TaEndoV,MBA7688061.1,42.326,215,121,2,3,214,1,215,3.35e-55,181,63.26
TaEndoV,MBA7669295.1,43.119,218,121,2,3,217,1,218,3.50e-55,181,60.55
TaEndoV,MQM37124.1,39.535,215,124,4,9,218,7,220,4.17e-55,181,63.72
TaEndoV,GAF92221.1,47.208,197,100,3,21,213,1,197,4.53e-55,182,62.44
TaEndoV,GAH02860.1,40.930,215,124,2,3,214,1,215,8.89e-55,181,61.86
TaEndoV,MBA7502676.1,44.186,215,117,2,3,214,9,223,3.52e-54,179,63.26
TaEndoV,KKN23490.1,38.605,215,129,1,9,220,7,221,3.78e-54,178,59.07
TaEndoV,MBA7648181.1,41.860,215,122,2,3,214,22,236,4.58e-54,179,61.40
TaEndoV,SVA55711.1,43.396,212,119,1,3,213,1,212,1.57e-53,176,64.62
TaEndoV,MBA7485972.1,40.930,215,124,2,3,214,1,215,1.96e-53,177,62.33
TaEndoV,MBA7504563.1,42.791,215,120,2,3,214,1,215,2.68e-53,177,61.40
TaEndoV,MBA7465287.1,44.196,224,114,6,3,216,1,223,2.87e-53,176,61.61
TaEndoV,GAH25283.1,43.243,185,104,1,37,220,2,186,2.92e-53,175,69.73
TaEndoV,MBA7481308.1,40.930,215,124,2,3,214,1,215,3.71e-53,176,61.86
TaEndoV,MPM64933.1,40.991,222,124,3,10,224,2,223,3.78e-53,176,65.77
TaEndoV,VFU19075.1,38.498,213,128,2,9,218,4,216,4.11e-53,176,61.97
TaEndoV,GAI44946.1,43.407,182,102,1,41,221,3,184,6.57e-53,174,69.23
TaEndoV,MBA7510440.1,43.556,225,116,5,2,216,6,229,6.95e-53,176,61.33
TaEndoV,MBA7686425.1,41.935,217,119,4,3,214,1,215,8.30e-53,175,62.21
TaEndoV,MBA7565699.1,42.326,215,121,2,3,214,1,215,9.75e-53,175,61.40
TaEndoV,MBA7627017.1,40.566,212,123,2,6,214,2,213,1.21e-52,175,60.85
TaEndoV,VAX16183.1,41.089,202,118,1,13,213,6,207,2.64e-52,173,66.83
TaEndoV,GAF92994.1,39.623,212,125,2,3,212,1,211,3.32e-52,173,61.32
TaEndoV,MBA7681772.1,41.204,216,122,3,3,214,1,215,5.96e-52,173,62.04
TaEndoV,MBA7509134.1,41.441,222,124,3,3,219,1,221,2.27e-51,171,61.71
TaEndoV,MBA7486217.1,40.000,215,126,2,3,214,44,258,2.33e-51,174,62.33
TaEndoV,MBA7503633.1,43.256,215,119,2,3,214,1,215,3.10e-51,171,62.79
TaEndoV,MBA7621669.1,39.381,226,129,5,3,222,1,224,1.50e-50,169,61.06
TaEndoV,GAI70943.1,51.020,147,72,0,76,222,1,147,2.06e-50,167,73.47
TaEndoV,MBA7714958.1,41.284,218,122,3,3,215,1,217,4.41e-50,168,62.39
TaEndoV,GAI60889.1,49.333,150,76,0,73,222,2,151,4.99e-50,166,72.67
TaEndoV,KKL72149.1,36.842,228,125,3,3,212,1,227,2.04e-49,167,58.33
TaEndoV,MBA7639026.1,38.426,216,128,3,3,214,1,215,3.48e-49,166,60.19
TaEndoV,GAI15505.1,42.778,180,92,2,9,182,7,181,3.94e-49,164,65.56
TaEndoV,VAW59629.1,39.908,218,126,4,9,222,7,223,1.20e-48,164,61.93
TaEndoV,MMZ57130.1,41.589,214,122,2,9,219,7,220,1.42e-48,164,63.55
TaEndoV,GAH65281.1,40.580,207,120,2,11,214,1,207,1.67e-48,164,61.84
TaEndoV,MNR81376.1,38.498,213,128,2,11,220,6,218,5.55e-48,163,59.15
TaEndoV,MNK82882.1,38.498,213,128,2,11,220,6,218,6.38e-48,163,59.15
TaEndoV,ECU89507.1,38.249,217,131,2,7,220,17,233,8.51e-48,163,60.37
TaEndoV,MBA7481351.1,40.553,217,122,6,3,214,4,218,1.18e-47,162,61.75
TaEndoV,MBA7662515.1,40.553,217,122,6,3,214,4,218,1.20e-47,162,62.21
TaEndoV,VAX21635.1,39.409,203,121,2,13,213,2,204,1.89e-47,161,62.07
TaEndoV,MBA7597851.1,39.524,210,124,1,8,214,1,210,3.58e-47,161,59.52
TaEndoV,MMZ46426.1,38.028,213,129,1,9,218,7,219,4.06e-47,160,60.56
TaEndoV,MMZ56831.1,40.465,215,123,4,8,218,6,219,4.74e-47,160,62.33
TaEndoV,EBR94274.1,37.788,217,132,2,7,220,17,233,5.46e-47,161,60.37
TaEndoV,SVA97036.1,37.104,221,136,2,3,220,1,221,1.54e-46,159,59.28
TaEndoV,KKL50305.1,37.306,193,118,1,34,223,1,193,2.48e-46,157,58.55
TaEndoV,PJE80395.1,39.151,212,116,3,9,212,6,212,4.10e-46,158,59.91
TaEndoV,EBZ31011.1,35.321,218,138,2,7,221,10,227,5.56e-46,158,60.55
TaEndoV,GAF71137.1,39.423,208,120,4,16,219,6,211,1.23e-45,156,61.54
TaEndoV,ECE64605.1,36.406,217,135,2,7,220,12,228,1.47e-45,157,60.83
TaEndoV,ECD70217.1,36.406,217,135,2,7,220,12,228,1.78e-45,156,60.37
TaEndoV,MNI26057.1,41.748,206,115,4,9,210,7,211,3.98e-45,155,64.08
TaEndoV,SVA17729.1,35.071,211,134,2,7,214,5,215,7.20e-45,155,62.56
TaEndoV,MBA7610290.1,44.654,159,87,1,57,214,1,159,1.01e-44,153,66.67
TaEndoV,GAH62312.1,51.880,133,64,0,88,220,1,133,1.19e-44,151,69.17
TaEndoV,MNJ95060.1,40.291,206,116,3,13,213,7,210,1.61e-44,154,61.17
TaEndoV,GAI39018.1,38.144,194,117,2,3,193,1,194,1.77e-44,153,60.82
TaEndoV,GAH43112.1,38.119,202,119,4,16,213,4,203,1.80e-44,153,64.85
TaEndoV,GAJ13751.1,45.963,161,86,1,55,214,4,164,3.03e-44,152,65.22
TaEndoV,MMZ48742.1,39.583,192,110,4,26,212,16,206,4.47e-44,153,62.50
TaEndoV,MND95080.1,39.583,192,110,4,26,212,16,206,4.47e-44,153,62.50
TaEndoV,MNG97412.1,41.243,177,99,3,40,212,31,206,7.06e-44,152,62.71
TaEndoV,MNS27259.1,37.019,208,128,1,9,213,9,216,1.43e-43,152,59.62
TaEndoV,MNM65599.1,38.208,212,117,4,5,212,8,209,1.87e-43,151,56.60
TaEndoV,MNW27244.1,38.278,209,122,5,9,212,10,216,3.17e-43,150,64.11
TaEndoV,GAI58467.1,41.176,187,107,2,10,193,1,187,4.60e-43,150,62.03
TaEndoV,GAH19190.1,40.341,176,99,3,54,224,36,210,8.97e-43,149,65.91
TaEndoV,EBT32089.1,40.299,201,112,5,18,212,1,199,1.79e-42,148,61.69
TaEndoV,MNM36296.1,40.449,178,101,3,39,212,30,206,2.83e-42,148,62.36
TaEndoV,MNK23057.1,35.321,218,134,3,9,221,9,224,3.72e-42,148,57.34
TaEndoV,GFO96451.1,38.208,212,119,3,22,222,10,220,4.01e-42,148,56.60
TaEndoV,MNS83019.1,46.715,137,73,0,76,212,6,142,2.09e-41,144,65.69
TaEndoV,MND31917.1,38.021,192,113,4,26,212,15,205,3.24e-41,145,61.98
TaEndoV,MNB87194.1,36.500,200,120,4,17,212,9,205,3.94e-41,145,61.50
TaEndoV,MNY21964.1,39.888,178,106,1,44,220,3,180,4.76e-41,144,59.55
TaEndoV,EBG53809.1,37.222,180,111,2,9,187,21,199,5.02e-41,144,61.67
TaEndoV,MNB87223.1,39.888,178,102,3,39,212,29,205,6.90e-41,144,62.92
TaEndoV,GAG91624.1,43.226,155,83,2,74,224,7,160,7.61e-41,142,68.39
TaEndoV,MBA7680802.1,41.358,162,90,2,64,221,1,161,8.52e-41,142,67.28
TaEndoV,MNC16838.1,37.624,202,117,5,16,212,8,205,9.04e-41,144,60.89
TaEndoV,MNS82444.1,39.326,178,103,3,39,212,29,205,1.90e-40,143,62.36
TaEndoV,ECT47978.1,36.111,216,123,3,8,220,1,204,2.38e-40,143,56.48
TaEndoV,MCY1491902.1,41.089,202,112,3,18,214,12,211,1.11e-39,142,57.92
TaEndoV,GAG44408.1,41.176,170,81,2,63,213,15,184,1.54e-39,140,58.24
TaEndoV,ECV17376.1,39.548,177,102,3,40,212,31,206,1.76e-39,141,61.02
TaEndoV,MNX97927.1,42.466,146,84,0,75,220,2,147,2.13e-39,139,66.44
TaEndoV,EDA48024.1,39.086,197,112,5,10,200,18,212,3.56e-39,140,59.39
TaEndoV,MNM11020.1,36.715,207,125,4,11,212,10,215,2.17e-38,138,60.87
TaEndoV,MBA7602394.1,36.842,190,116,3,36,223,50,237,2.62e-38,138,59.47
TaEndoV,MBA7501844.1,36.232,207,127,4,21,224,18,222,4.47e-38,137,56.52
TaEndoV,ECO83883.1,40.136,147,88,0,76,222,1,147,6.22e-38,135,65.31
TaEndoV,MNB76126.1,36.232,207,126,4,11,212,10,215,7.10e-38,137,60.39
TaEndoV,GAG79068.1,40.805,174,87,2,3,160,1,174,8.45e-38,135,59.20
TaEndoV,GAH20720.1,44.286,140,75,2,5,142,9,147,1.89e-37,133,70.00
TaEndoV,EBS28501.1,37.097,186,114,2,38,220,7,192,2.88e-37,135,60.22
TaEndoV,MCY1240527.1,46.377,138,74,0,77,214,14,151,4.23e-37,133,65.94
TaEndoV,MBA7617930.1,35.023,217,132,5,15,224,8,222,9.19e-37,134,56.22
TaEndoV,EBT96658.1,38.926,149,91,0,73,221,12,160,1.34e-36,132,65.10
TaEndoV,GAI49090.1,42.857,168,93,2,3,167,7,174,1.75e-36,132,61.90
TaEndoV,GAF76138.1,47.101,138,69,3,40,174,1,137,5.34e-36,129,67.39
TaEndoV,MNX98642.1,32.719,217,139,2,1,212,1,215,1.62e-35,131,57.14
TaEndoV,GAI42530.1,38.255,149,90,1,75,223,10,156,1.40e-34,126,63.76
TaEndoV,MNT03616.1,46.269,134,72,0,79,212,13,146,5.04e-34,125,67.16
TaEndoV,KUG15750.1,40.141,142,85,0,79,220,25,166,6.95e-34,125,64.08
TaEndoV,GAI45941.1,37.288,177,108,2,3,176,1,177,2.54e-33,124,54.80
TaEndoV,MNL45269.1,44.348,115,64,0,106,220,1,115,1.38e-32,120,69.57
TaEndoV,GAI51065.1,43.836,146,79,2,3,145,1,146,1.74e-32,120,63.70
TaEndoV,GAH07078.1,44.531,128,68,2,90,215,1,127,3.48e-32,119,67.97
TaEndoV,KKK59051.1,36.508,189,109,4,36,222,6,185,1.49e-31,119,57.14
TaEndoV,EBO93293.1,36.216,185,108,4,42,225,74,249,3.11e-30,118,58.38
TaEndoV,ETJ37145.1,45.872,109,59,0,76,184,5,113,6.11e-30,113,65.14
TaEndoV,GAI23745.1,45.536,112,58,2,54,162,6,117,3.81e-29,111,70.54
TaEndoV,GAG35390.1,39.695,131,79,0,88,218,1,131,4.90e-29,111,62.60
TaEndoV,MBA7608824.1,29.545,220,148,3,3,218,5,221,7.60e-29,113,54.55
TaEndoV,GAH63210.1,42.478,113,64,1,106,218,1,112,6.75e-28,108,71.68
TaEndoV,EBG18320.1,30.769,208,128,5,20,222,59,255,2.69e-27,110,55.29
TaEndoV,KKN67243.1,33.824,204,114,5,41,225,44,245,2.35e-26,107,52.94
TaEndoV,EDF36274.1,33.333,159,98,3,3,153,1,159,3.58e-26,105,57.23
TaEndoV,ECU02471.1,32.000,150,99,2,7,153,10,159,3.33e-25,102,57.33
TaEndoV,KKN40207.1,35.602,191,102,5,41,212,44,232,6.09e-25,103,52.36
TaEndoV,ECK09609.1,32.667,150,98,2,7,153,10,159,6.98e-25,102,58.00
TaEndoV,MBA7573906.1,35.149,202,114,5,36,220,40,241,7.13e-25,103,53.47
TaEndoV,MBA7513179.1,35.149,202,114,5,36,220,40,241,7.93e-25,103,53.47
TaEndoV,CEG12701.1,37.013,154,77,5,76,224,3,141,3.63e-23,97.1,59.74
TaEndoV,KAF5068794.1,30.476,210,132,6,20,222,12,214,1.47e-22,97.1,50.95
TaEndoV,EBG29958.1,33.520,179,109,3,45,222,1,170,3.74e-22,94.7,52.51
TaEndoV,EBL17995.1,34.653,202,106,9,38,218,94,290,1.65e-21,96.3,51.49
TaEndoV,MBA7658697.1,45.263,95,52,0,120,214,1,95,5.89e-21,90.1,68.42
TaEndoV,GAG11384.1,30.882,204,135,4,21,218,49,252,8.34e-21,93.6,50.00
TaEndoV,ECT08028.1,38.462,130,61,3,29,140,22,150,7.15e-20,89.0,55.38
TaEndoV,QHT24425.1,31.677,161,99,4,73,223,113,272,1.00e-17,85.5,55.90
TaEndoV,EBZ53936.1,42.045,88,50,1,135,221,1,88,3.22e-16,77.0,63.64
TaEndoV,GAI95248.1,42.424,99,52,3,3,96,1,99,6.62e-16,76.3,64.65
TaEndoV,VAW93767.1,55.556,54,24,0,101,154,7,60,3.96e-14,70.9,74.07
TaEndoV,GAH38031.1,40.000,80,48,0,135,214,1,80,3.25e-13,69.7,65.00
TaEndoV,ECO34457.1,42.857,84,48,0,137,220,32,115,5.78e-13,69.7,60.71
TaEndoV,EBW53800.1,50.000,60,30,0,162,221,2,61,7.48e-13,67.8,70.00
TaEndoV,EDF36271.1,50.000,60,30,0,162,221,9,68,8.58e-13,67.8,70.00
TaEndoV,GAH45989.1,50.000,58,28,1,155,211,1,58,1.57e-12,67.0,79.31
TaEndoV,GAG28928.1,49.180,61,31,0,154,214,16,76,1.16e-11,65.1,65.57
TaEndoV,MBA7543858.1,51.667,60,28,1,162,220,3,62,1.62e-11,64.3,71.67
TaEndoV,EBX17806.1,39.726,73,44,0,140,212,1,73,4.55e-11,63.2,63.01
TaEndoV,CEG11079.1,44.872,78,38,2,76,148,3,80,6.05e-11,63.5,65.38
TaEndoV,GAI75900.1,50.877,57,28,0,164,220,11,67,7.05e-11,62.4,66.67
TaEndoV,EBR46406.1,43.478,69,39,0,152,220,8,76,1.17e-10,62.4,60.87
TaEndoV,GAG76822.1,41.667,60,35,0,154,213,1,60,7.57e-10,59.7,63.33
TaEndoV,MNY47775.1,32.895,76,51,0,137,212,1,76,2.53e-09,58.9,57.89
TaEndoV,GAI15708.1,54.762,42,19,0,100,141,7,48,4.99e-09,56.6,76.19
TaEndoV,ECY96763.1,34.375,96,60,2,7,99,10,105,5.62e-09,58.2,53.12
TaEndoV,GAI11649.1,34.940,83,51,2,3,82,1,83,1.42e-08,56.6,59.04
TaEndoV,GAH19557.1,46.032,63,31,2,41,100,19,81,6.08e-08,54.7,65.08
TaEndoV,VAW93769.1,46.000,50,27,0,164,213,5,54,1.31e-07,53.1,68.00
TaEndoV,MNI50880.1,40.385,52,30,1,162,212,2,53,1.12e-04,45.4,65.38
TaEndoV,GAI80805.1,32.911,79,52,1,22,99,10,88,4.59e-04,44.7,51.90
TaEndoV,GAH76069.1,42.857,49,28,0,7,55,5,53,0.002,41.6,61.22
TaEndoV,EBY02965.1,38.095,42,26,0,7,48,10,51,0.002,42.0,61.90
TaEndoV,GAJ19558.1,40.000,55,32,1,38,91,26,80,0.007,40.8,58.18
TaEndoV,GAI31744.1,43.478,46,26,0,5,50,9,54,0.016,39.3,60.87
TaEndoV,SVB96397.1,34.783,46,30,0,7,52,5,50,0.022,38.5,58.70
TaEndoV,GAG99789.1,31.304,115,72,3,116,224,1,114,0.023,40.0,46.09


